CODIGO_IES,SIGLA_IES,IGC_CONTINUO,IGC_FAIXA
1,UFMT,3.2365176739,
2,UNB,3.9416587126,
3,UFS,3.3675935096,
4,UFAM,3.0481866247,
5,UFPI,2.9606565572,
6,UFOP,3.5094784829,
7,UFSCAR,4.0580920277,
8,UFV,4.0762385574,
9,UEL,3.7405904992,
10,PUCPR,3.5894174027,
11,UNICAP,2.8843684724,
12,FURG,3.4882396168,
13,UCS,3.0876286817,
14,UNISINOS,3.6446330168,
15,UCP,3.0620142047,
17,UFU,3.7294632068,
18,UCPEL,2.779290226,
19,PUC-CAMPINAS,2.8613042947,
20,UPF,2.8376188864,
21,PUCRS,3.732016802,
22,MACKENZIE,3.263208979,
23,FEEVALE,3.2092469348,
24,UESC,3.4206341115,
27,UNINCOR,2.7375904144,
29,UECE,3.0310106288,
30,UNIFENAS,3.3768842509,
32,UNCISAL,2.6809485473,
33,FATEC SO,2.8930832097,
34,FATEC-SP,2.7685165827,
35,FATEC-AM,2.863265466,
36,FATEC-BS,2.6906204771,
37,FATEC-JAHU,2.4073636713,
40,UNEB,2.993705239,
43,UDESC,3.5556538507,
47,UEG,2.547987288,
54,UNICAMP,4.424982563,
56,UNESP,4.100281786,
57,UEM,3.6485012346,
58,FDSBC,2.600771631,
59,FDF,2.803781244,
60,UNI-FACEF,2.9343006037,
67,EEP/FUMEP,2.5563539875,
68,FAFIPE,2.6141218727,
71,UERN,2.8955271787,
73,CESA,1.7502512716,
74,FFCL,1.3801585516,
76,FURB,3.0126326294,
77,FERLAGOS,3.4654895923,
78,FAFIA,1.8634431448,
79,IMES CATANDUVA,2.0803054508,
80,UNIDAVI,3.2127278546,
81,UNIVILLE,2.8242194191,
82,UNOESC,2.9997196586,
83,UNIVALI,3.157609079,
84,FAFIMA,2.4644066256,
87,UNIFEBE,2.7491439927,
93,FMJ,3.3457631663,
95,UVA,2.3740962369,
99,FDCL,1.852767273,
107,UFSJ,3.4412886432,
109,FIRB,2.515727432,
124,UNIARA,2.6972667356,
125,UNAR,2.3162330543,
126,INATEL,3.1607171098,
131,FAEFI,1.513165602,
135,CEUCLAR,2.9524380949,
137,USC,3.429379579,
138,CBM,2.7660460492,
139,FCETM,2.4519123368,
140,,3.2075654299,
141,FADIVA,2.182076519,
142,UNITRI,2.1773376384,
143,UNIUBE,2.4492882165,
144,FACHO,2.6806779839,
146,UNIRP,2.4465851532,
149,FAMERP,3.9468602991,
150,UNISO,2.7916809012,
151,FGV-EAESP,4.0284827893,
152,FACIC,2.409514965,
158,CBM-UniCBE,1.8416020317,
159,FAFICA,2.4177162134,
160,FAFIRE,2.564485371,
161,UNIFAI,2.5537156426,
162,FEBASP,2.7602312633,
163,UNESA,2.7008170926,
165,UVA,3.0304908106,
166,,2.7133205649,
167,UMESP,2.5806300672,
170,FAFEM,1.739002493,
171,FDSM,3.3031845274,
176,UCB,2.4939765756,
190,EMSM,2.582341346,
191,FCCAE,2.7728478915,
192,FFCLSM,2.015372403,
193,FESM,2.5082923104,
194,EEFTESM,2.6638252172,
195,,3.1964160406,
197,FESPPR,2.318892086,
200,FCL,2.8809673059,
202,,1.3805565216,
203,USJT,3.3388358506,
206,UNIÍTALO,2.6980481517,
207,CUML,2.844480698,
208,UNAERP,3.2748935674,
213,FECAP,3.5163716241,
214,FEAMIG,2.1537758136,
216,CEUNIH,2.6172196356,
217,UNIFAE,2.9391092804,
219,FAECA DOM BOSCO,2.2743486413,
220,FSJT,2.368525635,
221,UNICSUL,3.0601025437,
222,UNIFEV,2.7853882508,
224,CUSABC,3.1473832096,
225,,2.2767106595,
226,UNILUS,2.8113246289,
227,UNISANTOS,3.2748675869,
231,FASB I,2.6572764067,
234,FOC,2.8798125719,
240,USU,2.454718964,
242,UNIA,1.9487193763,
243,FCNM,2.8463007343,
244,UNIFIEO,1.9851311713,
254,,2.2273585066,
255,FEAP,1.220730535,
263,FICS,2.2442130842,
265,Unifio,3.2011036096,
266,UNIMEP,2.9149177407,
267,,3.7816448112,
269,FACCAT,1.7633531395,
270,,2.051443744,
271,UNOESTE,3.368064999,
275,UNIVAP,2.7553561363,
276,FADI,2.421040793,
277,UNISUAM,2.5850031316,
278,FIS,2.370388206,
279,FACHA,2.2955771478,
284,FMIT,2.5632794359,
288,FADIVALE,2.280793471,
294,SETREM,2.6426109335,
295,UNISC,3.2522862656,
296,,2.6736538567,
298,,2.4763217118,
299,FAFIJAN,2.3755769848,
302,FACED,2.9498952397,
307,FAME,2.7982622452,
308,UNIPAC,2.2324443021,
316,UNINOVE,3.0030158002,
319,,2.0940171514,
322,UNIP,2.7024148076,
330,UNIG,2.6186845796,
336,FMS,2.4227782021,
337,CES/JF,2.3469717086,
338,PUC MINAS,3.1651744828,
339,,1.4710899159,
343,NEWTON PAIVA,2.8934443555,
344,UNA,3.1565779889,
345,EEK,2.906467295,
346,ISCA,2.2796109584,
349,UNI-BH,3.2526762139,
351,FCMMG,3.2965082494,
352,UNIPÊ,3.0642826342,
353,FEMPAR,1.7610487203,
355,UTP,3.3032262175,
360,UNIPAULISTANA,2.6371978664,
361,FAPSS,2.381113167,
362,FAPSS-SP.,2.766995462,
363,FAMOSP,2.1362039424,
367,UNIMONTES,2.8968376564,
368,FEFISO,2.827485759,
370,FPA,2.291237126,
371,FMCG,1.828857672,
373,ESP,3.133702328,
374,FMU,2.6400713267,
375,UNISA,2.8282884374,
376,,2.3203672468,
383,UNAMA,2.724009929,
384,UNIEVANGÉLICA,3.3658983888,
385,UNIFACS,3.1393963079,
386,UNI-ANHANGÜERA,2.6957099487,
387,UCDB,2.9795266867,
396,UniRuy Wyden,2.6806493264,
398,UNIT,2.8196847145,
402,UNICEUB,2.9095751108,
403,UCB,3.6903250134,
404,UPIS,2.3731783934,
405,FOCCA,2.4898928944,
409,UPE,2.918965968,
410,FCHE,2.8158994557,
415,FCMSCSP,3.9597953078,
416,FASP,2.1012468788,
417,UNICID,2.9661345261,
420,UNIMAR,3.3214044194,
423,URI,2.7874109698,
426,UFN,3.3559920019,
430,UNIFIL,2.6951412828,
431,FAMEMA,3.5040046817,
432,FACCAR,2.0838820832,
434,FASM,2.1752640544,
435,FASM,2.0692228683,
437,UNIPAR,2.4893191082,
438,FFCL,2.4806281752,
439,FAFRAM,2.3346533963,
440,FADITU,2.176396256,
441,UNC,2.4526689293,
446,UNICRUZ,2.5794941673,
448,UNIRITTER,2.8879302743,
449,ULBRA,2.8313113958,
450,UniSL - Ji-Paraná,2.9280583376,
451,CEULS,2.1928368061,
452,CEULM/ULBRA,2.6618486025,
453,CEULP,3.0372861335,
454,FACCCA,2.3609968941,
456,UNISANT'ANNA,2.6944962468,
457,UNIAN - SP,2.2739774647,
458,UNIB,2.6207155008,
461,FA-FAAP,2.4447486911,
466,UAM,3.0529135748,
472,UNIGRANRIO,3.1603077407,
473,FCEACDB,2.9087847088,
474,FFCLDB,2.2739256914,
475,FMP,2.1863729089,
480,UNIFESO,2.5620141632,
481,Univeritas UNG,2.5937146743,
482,UNESC,2.746562196,
483,UNIMESP,2.06844002,
489,UNIFOA,3.298272593,
490,CESVA,3.6060957011,
491,FECLE,2.4506889949,
493,FACEG,1.774718255,
494,UNISUL,2.8689635149,
495,FESB,1.939173851,
496,UNIFRAN,2.8857937937,
501,EMESCAM,2.6604099671,
502,CSJT,3.2252422224,
506,FMC,2.4391620409,
507,FTM,2.5243339375,
508,FACESM,2.302828163,
510,,2.5623434132,
513,UNIVALE,2.1514675493,
514,UBM,2.1432416689,
515,UNIAN-RJ,2.2097409409,
516,UNIRJ,1.7514638881,
517,FESL,2.4570581488,
518,UDF,3.1554475453,
519,UCSAL,2.4721279217,
521,UMC,2.7233210125,
522,UCL,2.4970027649,
526,,2.9852648743,
527,PUC GOIÁS,2.7191438319,
528,PUC-RIO,3.844542617,
530,FAMES,1.74427537,
532,UNIJUI,3.1894751084,
533,FII,2.2228295162,
534,EBMSP,3.1758879482,
535,FAFIMAN,2.0898036237,
544,FACHI,2.230263051,
545,FACCI,2.3142787468,
546,PUCSP,3.7260613414,
547,UERJ,3.7133354228,
548,UFMA,3.2347279416,
549,UFAC,2.8568663339,
550,UEPB,2.9092799887,
554,FAFIBE,2.9055898213,
555,UNIFOR,3.2041308624,
568,UEMA,2.4736831194,
569,UFPA,3.3902933987,
570,UFRN,3.7227877528,
571,UFPR,3.9978071278,
572,UFF,3.6128858131,
573,UFES,3.5764904852,
574,UFRRJ,3.5069464588,
575,UFMG,4.3024841214,
576,UFJF,3.7081370179,
577,UFAL,3.0517288934,
578,UFBA,3.8462476823,
579,UFPB,3.5730054063,
580,UFPE,3.8317641736,
581,UFRGS,4.3004898611,
582,UFSM,3.9068192705,
583,UFC,3.8832350127,
584,UFG,3.6111128439,
585,UFSC,4.1406513497,
586,UFRJ,4.0810735449,
587,UFRPE,3.5064725558,
588,UTFPR,3.4919578693,
589,UFERSA,3.307692363,
590,UFRA,3.1026419444,
591,UNIFESP,4.1653534592,
592,UFLA,4.0507926402,
593,CEFET/RJ,3.5124515727,
594,CEFET/MG,3.5085120418,
595,UNIFAL-MG,3.4909743059,
596,UFVJM,3.3730487879,
597,UFTM,3.5492606455,
598,UNIFEI,3.5125071916,
599,IFBA,3.0653601299,
600,IFMA,2.3395422245,
601,IFRS,3.2660439251,
602,ITA,4.3566093293,
605,USCS,2.4725901712,
606,FDCI,2.589859652,
607,FACCACI,2.303491519,
608,ESEFIC,1.7849065265,
609,UNIOESTE,3.6024231735,
610,UNIVERITAS,2.7022620466,
621,CESMAC,2.5843340315,
622,FAU,1.8398455998,
625,FACECAP,2.5667637143,
626,UNICNEC,2.8475842187,
627,,2.8479316668,
631,,3.0560830329,
633,IME,4.4591255146,
634,UFPEL,3.6204712851,
636,ESPM,3.0619972765,
637,FESP,2.6479410919,
638,FDMC,2.8160755986,
640,FAMATH,1.9652774258,
641,UNILASALLE,3.3754136997,
645,Católica em Jaraguá,2.7984337817,
648,FAZU,2.4417910537,
649,UNIUV,2.4249676295,
651,FAGV,,NI
652,FASC,2.3598414789,
657,FAFOPST,2.4193791019,
661,FPD,2.5221754893,
663,UNIVERSO,2.4600446276,
664,UVV,3.4925531847,
665,UNITAU,2.5363853761,
666,UEFS,3.008551803,
667,FIJ,1.5966248474,
668,CIESA,2.4491794103,
669,UNINILTONLINS,2.181583103,
670,USF,2.8218559283,
671,UNIDERP,2.2370896709,
672,UniFACENS,3.3026470324,
673,UNIGRAN,3.1275997016,
674,CESVASF,2.5109878033,
677,FRASCE,2.5797495484,
682,FINOM,2.9882502826,
685,FBJ,2.0104919929,
686,FACAL,1.8799879945,
688,UESB,3.196502199,
692,FACAPE,2.2979515258,
693,UNIRIO,3.5539839394,
694,UFMS,3.2928115794,
699,UNIR,2.849209604,
701,FAGA,2.0777054438,
702,FADIMAB,2.0533981273,
703,FAFOPA,1.2007025892,
704,FACIAGRA,1.9744846798,
705,UNISJ,3.0277569011,
707,UNICEP,2.7633093611,
708,UNEB,,NI
712,,2.9526247708,
715,,3.2139190206,
716,,2.9075693996,
717,UFCSPA,4.0275665965,
718,UNP,2.7583190856,
719,UNEMAT,2.7407030393,
720,FACHUCA,1.7851502677,
722,EEFA,1.881358757,
724,UNIFACEX,2.7251938547,
727,FASF,2.2467280089,
728,FACIC,2.4457460103,
730,UEPG,3.3937099485,
734,FIMI,2.8915034955,
736,,2.4152280896,
737,SAO CAMILO,3.2304817148,
738,FATEA,2.4073577705,
739,SÃO CAMILO-ES,2.6663889691,
744,FA,2.5122380049,
745,IMESSM,1.9733633076,
746,URCA,2.4766652237,
749,CESVALE,3.4317859461,
750,UnirG,1.8175762345,
752,FAPAM,3.0515166628,
753,FACHUSC,1.994870233,
754,CESUC,2.4480593259,
755,CESUT,2.003617046,
756,UESPI,2.6800959896,
757,Unama,2.7411776474,
760,FCHPE,2.0712215438,
761,FACSPEI,1.934442554,
763,IUESO,2.2294985256,
764,FAPG,1.791260553,
778,ETEP,2.2011550439,
779,FAP,2.0647272642,
780,UNIC/UNIME,2.5094677285,
781,,2.104216666,
785,,2.066125267,
788,FARO,2.6546428057,
789,UFRR,3.0276730733,
790,FICSAE,3.8290014884,
792,CESUPA,3.3447994593,
793,ESTÁCIO SÃO PAULO,2.5647444447,
794,UNIVAG,3.3792632282,
795,FID,1.9080681546,
796,EDUVALE,2.9179619123,
797,AVEC,2.0400775272,
798,FAACZ,2.7398547485,
801,FAM,1.5114563177,
802,UNICARIOCA,3.6082634371,
803,FIA,2.0746934728,
809,FADILESTE,1.868235593,
810,CTESOP,2.4096356297,
823,UNICEUMA,2.8792531106,
824,UNICERRADO,2.5649849081,
825,FAGAMMON,2.5463771354,
826,UNIDESC,2.5829510797,
828,FASAMA,2.5881071131,
829,UNITINS,2.5161900507,
830,UNIFAP,2.6226728158,
831,FCHVRG,1.896946952,
832,FAC,1.8934365221,
838,FCTFOR,1.830527268,
840,FAVI,2.803148073,
843,FATEB,1.9749979053,
845,FAC-FEA,3.0331138736,
846,FAT,1.969643787,
847,FPPD,2.116519532,
849,FAJE,4.3290108705,
852,FIAP,3.4021375318,
861,CEAP,2.2810154834,
862,FESCG,2.4293535153,
873,UNIFOZ,1.9278248924,
877,FEPI,1.815315715,
878,UNILESTEMG,3.247244388,
882,IMESB,2.6195953582,
886,FACH,2.1507864371,
890,EG,3.672270756,
891,,2.4548335849,
898,UNISANTARITA,2.1986197977,
900,FATEC,2.105794019,
905,FACEPD,3.9575350325,
908,FAA,1.998006712,
909,,2.3776145309,
910,FCACSL,2.7634307734,
913,FIPAR,2.390717619,
915,FAFS,1.6762142679,
916,ESTÁCIO TERESINA,2.381179401,
918,,3.2012057703,
922,FCGD,3.0289697653,
923,FACCSR,3.0217655314,
926,,2.2102530752,
939,CATÓLICA DE ANÁPOLIS,2.1556355666,
940,FAMAG,2.2401183743,
944,ESPM,3.0970903234,
945,,2.7381365011,
952,UNISANTA,3.1103525348,
953,UNIMES,2.1745368466,
967,FATEC/TQ,2.4242011392,
976,FIP,2.8200775077,
985,FER,2.4056425382,
989,ESMA,2.0459779512,
991,SENAI-CETIQT,2.4691065216,
994,FDC,2.0549625781,
997,,2.9802011538,
1012,FASP,2.5085228958,
1014,BOM JESUS/IELUSC,2.6116823235,
1019,FACTU,2.1393426484,
1021,FACET,2.1483475782,
1027,UENF,3.9661734721,
1028,UEMS,2.7627844899,
1030,IBMEC,3.0476376701,
1032,UNISAL,2.5651701406,
1034,UNESF,,NI
1036,UEMG,2.2608804657,
1038,AEMS,2.8386983112,
1041,UNIVATES,3.6176592012,
1042,UP,3.2249106827,
1043,FHO,2.9206286035,
1045,UNIFIAN,2.3351410536,
1046,UNILAGO,2.9164837461,
1048,FCE,3.3207708747,
1049,CESF,2.5281034122,
1051,SEUNE,2.0199050089,
1053,,3.2321166419,
1055,Uninassau Salvador,2.5905454953,
1058,Estácio FIB,2.4171963488,
1059,FLF,2.2104709568,
1060,IESB,3.4250169859,
1063,DOCTUM,3.218882624,
1064,DOCTUM,3.2569235092,
1066,IEPO,2.1492755962,
1067,FAJ,2.4611279486,
1068,FAMA,3.1525104549,
1070,,2.5569830624,
1071,IESF,2.640615243,
1072,FAFI,,NI
1075,IESP,2.605634788,
1076,FAFIC,2.2933678024,
1077,,2.5150121856,
1078,,2.7551353258,
1079,CESPAR,2.3498742228,
1080,FASE,3.5035191014,
1081,FER,2.3242576086,
1082,IFRN,2.997071468,
1084,FACEBG,2.9840619694,
1085,FMC,2.2129491334,
1086,FAEC,2.158203403,
1087,FIMCA,2.443827842,
1090,FSLF,3.0492158751,
1092,FIB,3.008820739,
1096,FAPE,2.0458760993,
1100,UniDrummond,2.2762377182,
1107,Estácio FIC,2.6113189686,
1113,UNIEURO,3.1165666415,
1115,CEST,2.8822527458,
1118,,2.3537519528,
1120,IF Fluminense,2.9234119511,
1122,,2.8077859182,
1123,IESUS,1.683040654,
1124,DP II Barreiras,3.2536172108,
1125,FIES,2.5359468819,
1126,UNICENTRO,3.6476147444,
1128,UI,2.5395499137,
1129,UNORP,2.4604964556,
1131,UNIFSA,2.7313978273,
1136,FACIG,2.1350313494,
1139,FEAD - MG,2.2331641165,
1141,,2.5891644972,
1142,FDV,4.1690710132,
1143,FACET,2.348201155,
1149,CEUNSP,3.3233815518,
1151,FANESE,3.0776468035,
1153,UCAM,2.2427508043,
1155,FSST,1.7731872851,
1156,,2.6075830518,
1157,ESFA,2.0738744467,
1159,CESV,1.915527924,
1160,CAMBURY,2.5975539985,
1161,INSPER,3.8866741124,
1166,IFPB,2.9407793874,
1170,FAMEC,2.7885596189,
1173,,2.417540742,
1174,SOECS,2.4367782026,
1175,ESTÁCIO FARGS,2.3922530899,
1182,IESA,2.9927803788,
1185,UNIJORGE,2.9347785782,
1187,MÓDULO,2.8885762919,
1189,UNIPLAC,2.5881907546,
1190,F.I.C.,2.3274491082,
1191,IESF,1.8379397777,
1196,UNICESUMAR,2.989427906,
1198,FACET,2.0983754018,
1201,FAMC,2.0213094115,
1202,FASAR,2.509597986,
1205,FAEL,2.3459898253,
1208,,2.3828903286,
1213,SEF,1.7732453096,
1219,IIES,1.9831822763,
1221,,1.9879444329,
1224,UNIJALES,2.241886048,
1225,UNIFIA,2.8979381287,
1226,IESACRE,2.9851921,
1227,FASB,2.6120575889,
1230,UNIPINHAL,2.3063471059,
1231,,2.5546675548,
1232,UNIANDRADE,2.9174009359,
1233,,2.5166796325,
1237,FANAP,2.8972782184,
1239,PADRAO,2.488305893,
1240,PIO XII,2.7381889363,
1243,DOCTUM,2.9708521139,
1244,MULTIVIX VITÓRIA,3.6180299807,
1245,Multivix Castelo,3.9699567296,
1247,FACINAN,1.9642050465,
1249,FECRA,2.0186539153,
1252,PROMOVE,3.3832816562,
1253,FMG,2.545319149,
1254,FAI,2.245880767,
1255,UniFBV Wyden,2.9983771422,
1256,DOM BOSCO,3.0434472983,
1257,FACEL,1.6771361088,
1258,,2.2991544629,
1263,FABA,1.6766259835,
1264,UNI-RN,3.6549730932,
1266,FIU,2.1371373195,
1267,IESGF,2.5446031298,
1270,ESTÁCIO RIBEIRÃO PRE,2.6422951966,
1273,UNIFACCAMP,2.2759343428,
1275,FAGU,2.0043287807,
1276,I.T.E.S.,2.7113935957,
1279,FACITA,2.3777218158,
1280,Estácio FAAC,1.9523544867,
1281,FAIT,2.8398385879,
1290,FAATESP,1.605653677,
1291,,2.5907547202,
1292,FAI,2.2292931848,
1294,CAM,2.5690714359,
1295,,2.0523695927,
1296,ESM,1.4532222615,
1298,ESTÁCIO FAL,2.4446075141,
1299,FIFE,2.7613608391,
1300,ITES,2.3442805855,
1301,IMMES,2.7962086254,
1302,FBB,2.7791431056,
1303,IF Goiano,3.2259374537,
1304,,2.6392372796,
1305,,2.3200254098,
1307,FAEF,2.8761667741,
1308,FNM,2.1357087475,
1309,FAPRO,2.9502444441,
1310,FAM,2.4342801801,
1311,TREVISAN,3.792955053,
1312,FAIR,2.7657703911,
1313,UNISUZ,2.5241582149,
1317,UniFSP,3.3934256403,
1318,,2.3915337794,
1319,FATEC,3.1210404239,
1322,EDUVALE,2.6365520981,
1325,FAP,2.3361538747,
1326,MULTIVIX SERRA,3.5699518847,
1327,ESPM - POA,3.2629858429,
1328,FACOTTUR,2.0217060898,
1330,COTEMIG,2.7909608458,
1334,UNIFACISA,3.1302903912,
1336,FAG,2.7514983823,
1337,FMD,2.538051775,
1344,FBM,2.3617197129,
1345,,1.9937472657,
1346,FBMG,2.2421313344,
1350,FVJ,2.3553839241,
1351,,3.33849939,
1355,FIJ,2.6161119944,
1356,UNIFUNEC,2.7554524978,
1357,ISERJ,2.782081888,
1359,MULTIVIX NOVA VENÉCI,3.5644854376,
1362,,2.7172548605,
1363,FAVIC,2.4960531318,
1364,,3.2264149926,
1365,UNASP,2.8568311971,
1371,FAM,2.415188567,
1373,FACAB,3.3590115162,
1374,FCSGN,2.7253834146,
1375,FCARP,2.0418534539,
1379,FAESA,3.2813548316,
1381,FMF Wyden,2.7503616996,
1382,EST,4.1989979824,
1383,FAJOLCA,1.9352946921,
1384,FSH,3.0238106652,
1385,FIPEP,1.624846625,
1386,ESAMC,2.2006981482,
1387,FAPEN,2.5965734867,
1388,ISES,3.0733150597,
1394,FCA,2.1405516445,
1395,UNICALDAS,1.5972550133,
1396,UDC,2.7383918042,
1400,FAIND/SJP,2.7660068057,
1401,FAR,2.3111343117,
1402,ICSH,1.325388996,
1403,FAP,3.0699305015,
1404,FAP,2.0255537306,
1409,UCL,2.8698255591,
1410,Área1 Wyden,2.6482168733,
1411,F2J,2.0873209012,
1412,,2.0257094519,
1413,CESPRI,2.133919296,
1414,UniSL,3.4979636595,
1417,,2.7754042143,
1418,UNITOLEDO,3.2629751671,
1419,UNICURITIBA,3.0703800968,
1420,,2.6262712843,
1422,UNINORTE,2.6032248984,
1423,Faci Wyden,2.9242186113,
1426,ILES,2.2078912703,
1427,FSG,3.0912795273,
1428,IESPLAN,2.0289590433,
1429,FABAT,2.3993053518,
1430,,3.0449694126,
1432,FABE,1.4823164123,
1433,FACOL,1.8036302021,
1434,UNIESI,2.5584627661,
1436,ESBAM,2.3482254242,
1437,ESRC,2.6403803215,
1438,FACAMP,2.8794077095,
1439,FACAMP,2.5757842997,
1440,IAESUP,3.1059102195,
1441,FATEPI,2.1724169884,
1442,,1.85098985,
1443,,1.140007899,
1444,FIEL,2.5760943135,
1445,CEUN-IMT,3.0644439793,
1446,UNIPLAN,1.9487249252,
1449,FEATI,2.9207810647,
1450,UNICERP,2.6970602748,
1452,,2.2811522325,
1454,FASNE,1.8693680607,
1455,FSSS,2.2998726686,
1456,FASERT,2.9443058545,
1457,ESTÁCIO EUROPAN,2.0077657012,
1459,FUCAMP,2.5626557573,
1461,,3.0891812163,
1462,INPER,1.930820889,
1463,FCGB,2.0075421114,
1465,AFARP,2.1495178934,
1468,ESAMC,2.3116512636,
1469,,3.0019674294,
1472,UNIASSELVI,2.8288197875,
1476,,1.7402878038,
1477,MICHELANGELO,1.8022289526,
1478,,1.97716933,
1484,IBMEC,3.3745054768,
1486,FESV,2.842669882,
1487,UNIDOM - BOSCO,2.6251466717,
1488,FAP,2.1193190867,
1490,UniFAJ,2.7780960889,
1491,UNINTER,3.0156379796,
1492,PIT UBERLÂNDIA,2.3909390845,
1493,UNIALFA,2.2303936021,
1494,,2.7799817226,
1496,FESVV,2.7347483596,
1497,FASC,1.9145546308,
1498,FAVI,2.4007407573,
1499,FATS,2.5932170042,
1500,FAESI,2.5102804599,
1501,FLATED,,NI
1502,,2.0954225171,
1503,FALEC,2.062550932,
1504,UNINASSAU MACEIÓ,2.5248893478,
1506,,3.0064200971,
1507,FAPRO,3.0934379691,
1508,UNIFAMMA,2.4213344068,
1509,ESTÁCIO BH,2.5879233701,
1510,,2.4230440264,
1513,PITÁGORAS ICF,2.2359457745,
1514,F.V.C.,2.6204468448,
1515,UNIRON,2.7381676351,
1518,,2.2997451172,
1519,FADEP,2.7560557216,
1520,FFIA,3.7509076534,
1521,ESTÁCIO BELÉM,2.5073954343,
1523,CESUL,3.174186675,
1530,,2.7545320071,
1532,,2.0635000767,
1535,FAPI,2.2008980814,
1536,FATEB,1.9836685788,
1538,UNIPROJEÇÃO,3.1469460825,
1540,IESUR,2.7718943775,
1541,,1.8919808862,
1542,UGB,2.6198035903,
1545,FIB,2.6627703837,
1546,FAESF,2.3438825727,
1547,ESTÁCIO FMJ,2.6013119032,
1552,,2.8880387955,
1554,UNIVR,2.6336625296,
1556,UNI7,3.0507691791,
1557,FUMEC,2.8949640291,
1558,DOCTUM,2.9238657386,
1559,UNESC,3.3940575876,
1561,ESAMC,2.4058537775,
1562,FAISA,2.6709480269,
1563,UNINOVAFAPI,3.0739402376,
1564,FASF,2.5580355378,
1565,FCJ,2.394627933,
1568,DOCTUM,2.9485561959,
1569,FIAR,2.943749849,
1571,FCS,2.4633250718,
1572,FACISA,3.6568127352,
1573,FAN,2.8223902243,
1574,UDC Medianeira,2.9539618689,
1575,UNIARAXÁ,3.2248289198,
1576,FASERRA,1.59726795,
1577,FACINOR,1.9885834529,
1578,IFSul,3.2737829286,
1580,FACESA,3.0477772456,
1581,FACSAL,1.041365993,
1583,FATEC-ID,2.5347513659,
1584,FATEC GT,2.5631873798,
1585,FEAN,2.5487980457,
1586,UNIVÁS,2.6739047096,
1587,FITS,2.2439170555,
1590,ESTÁCIO SÃO LUÍS,2.4384595806,
1591,ESTÁCIO MACAPÁ,2.4045215351,
1592,FOM,0.935791303,
1596,UNIVES,1.529468675,
1598,UNA,3.2492459943,
1599,UNIPTAN,3.0282327677,
1600,ICS,2.7803490616,
1601,FCC,1.8485108678,
1606,FIC,1.9941486017,
1607,FALSM,1.989660336,
1609,FCP,0.882854679,
1610,FAETE,1.496108468,
1611,FATI,2.4393337145,
1612,FAG TOLEDO,3.0485657326,
1613,IAP,2.7187980373,
1614,FAAST,1.907792571,
1615,ISULPAR,2.0284758268,
1618,,3.9226988251,
1619,,2.0470020103,
1620,FASAR,2.0058590314,
1621,NWK,2.3439741731,
1622,FIP,1.172451131,
1623,FCAA,2.0289723869,
1624,FMR,2.6647521554,
1628,FACHA,,NI
1632,,2.5148209845,
1637,FAMA,2.3307439169,
1638,IAES,2.1565543448,
1639,FHR,1.7605542668,
1640,,3.3594212442,
1641,FSBA,2.778442437,
1642,FTC,2.7416706402,
1643,FAT,3.4825419983,
1644,FEC,2.6628103108,
1645,FTC,3.088615991,
1646,FECIPAR,1.4143224538,
1647,FAECE,2.2617215865,
1653,FACEC,1.478825901,
1655,FCSL,2.775896415,
1656,IEST,2.0359301311,
1657,,2.4644516459,
1658,UNIGRANDE,3.0792893338,
1659,FAESO,2.5312417536,
1660,ESTÁCIO BRASÍLIA,2.3625824223,
1661,FAPRO,2.9523375863,
1663,FARA,2.836592702,
1664,FASEH,2.724441684,
1666,,2.5811076792,
1668,,2.345104685,
1669,IMES,2.8437735808,
1670,IECEMB - FAB,2.5246213891,
1672,IESPES,2.7610867706,
1675,UNESJ,2.0915556524,
1676,UNISÃOMIGUEL,2.6088605271,
1677,FAESPI,2.5778234257,
1678,FACIBRA,2.535650135,
1679,FACSUL,2.3221608489,
1680,,2.083323809,
1682,FSMA,2.3189397232,
1683,,2.9345057763,
1686,,1.5328256,
1689,FIESI,2.045326818,
1690,FSV,2.0996172636,
1692,ESPF,2.7096064713,
1693,FAITA,2.1475888812,
1694,ESUCRI,2.2311721906,
1696,FACEC,2.0006040977,
1697,UNIFACOL,2.5548020641,
1699,UNICENTRO,2.8555516529,
1700,FSLMG,3.3047014992,
1701,FAMA,2.6512492363,
1702,ESTÁCIO AMAZÔNIA,2.5771288331,
1703,IESRIVER,2.6414410072,
1708,IPESU,1.9802959043,
1709,UNIT PE,3.0116993252,
1710,,2.160218627,
1711,FAPEPE,2.1578268326,
1712,FACET,2.5977407943,
1713,FATEF,2.3916752764,
1714,ESIC,1.8721447258,
1716,UNIAMÉRICA,3.0224632355,
1717,Facimp Wyden,2.3890314966,
1718,FAN,3.5008694012,
1720,FAMIG,1.7860761771,
1721,FDV,2.9163094529,
1722,FIP,2.4018579621,
1723,,3.3197701891,
1724,FAG,2.100829249,
1725,FAQ,2.6046985898,
1726,SECAL,2.6196938319,
1727,FAC DE CARIACICA,1.989943322,
1728,UNIRON,2.462717381,
1731,,2.4126514889,
1732,FGP,2.4245361422,
1733,ISEPE  RONDON,2.7524127872,
1734,Facid Wyden,2.8978112164,
1735,UNILEÃO,3.3296269327,
1736,UNILASALLE/RJ,2.87258061,
1738,FSL,3.0273733496,
1742,CSET DRUMMOND,2.715556582,
1743,FATEC OSWALDO CRUZ,3.5806975764,
1749,FALUB,2.2507232396,
1752,FADISP,3.3301932454,
1753,FACENE,3.0466548092,
1756,FAB,1.06065822,
1758,FAINOR,2.2190375141,
1759,FACULDADE BAGOZZI,2.4939874891,
1762,,2.3084798502,
1765,FJB,3.544294311,
1766,UNICAPE,3.5920209593,
1767,,2.3146069567,
1772,UniFanor Wyden,2.644348059,
1773,,2.6793124196,
1774,,2.4148190986,
1775,UniFavip Wyden,2.8538264508,
1776,,2.1440125877,
1777,UNIVINCI,2.9324378486,
1779,AIEC / FAAB,2.0639093605,
1780,FAHOR,2.5210637412,
1781,INTESP,1.706755112,
1783,FACISA - CELER,2.0142619829,
1785,FACIDER,2.557914433,
1786,IMES,2.4640741275,
1788,FAAL,2.0067360317,
1789,ICES,2.2847769138,
1790,FASB,1.9587974923,
1797,,2.5077527028,
1798,FACED,1.504620233,
1800,CESREAL,2.0597787367,
1801,DOM BOSCO UBIRATÃ,1.918088712,
1804,FAMA,2.3154253695,
1805,UNIFG,2.6457729572,
1806,FAFE,2.1778947674,
1807,IFCE,2.8450153054,
1808,IFES,3.0426803368,
1809,IFPE,2.6618051332,
1810,IFSP,3.0891834157,
1811,IFG,2.8901193893,
1812,IFAM,2.8376790127,
1813,IFPA,2.8630392748,
1815,FIBRA,2.4187745976,
1816,IESB,2.2532111389,
1817,ESTÁCIO CURITIBA,2.6062840253,
1818,FPAS,2.5500074051,
1819,,3.1208527886,
1820,IFPI,2.4967163273,
1821,FAC-LIONS,2.2301684303,
1822,FASAM,2.7208439505,
1823,IESAP,2.0502447439,
1825,FEAD,2.7472011486,
1827,FLT,3.238885356,
1828,ESCOLA DA CIDADE,2.4698412409,
1830,,2.382010328,
1831,FAIB,2.1118530812,
1834,FAAG,2.7468872507,
1835,,1.7703455838,
1836,UNIFEOB,3.0655540472,
1838,FRB,2.6826128525,
1840,FCB,2.6199255403,
1841,TOLEDO PRUDENTE,3.2844838767,
1842,FEMA,2.6074913153,
1843,FACAMP,2.0591846969,
1844,FISMA,2.04134364,
1846,UNILINS,2.5477179864,
1847,,2.8156223624,
1850,SMG,2.978236104,
1851,EBAPE,4.4199728714,
1852,SABERES,2.6843237018,
1853,,1.598282528,
1854,,2.5453634851,
1856,FACNOPAR,2.3074222327,
1857,DEHONIANA,2.7125574359,
1858,FAJ,2.629191438,
1860,FAJANSSEN,2.3703063355,
1862,FARESE,2.5882102419,
1863,INTERVALE,1.28210826,
1864,FABE,3.2092934608,
1865,FALP,,NI
1866,FACEN,2.021085988,
1867,FACIG,2.0973649308,
1869,FEPI,3.2976541468,
1870,FIRA,1.8196704575,
1872,FARESC,2.5572655533,
1873,FAMERC,2.756569245,
1874,FATEC,2.6760566177,
1875,FAIBI,2.3641570522,
1876,FMPFM,1.8018116975,
1878,FEI,3.4148144803,
1879,,2.8224466493,
1880,FACE,1.9677189097,
1881,FAESC,2.6495828083,
1883,,2.8538798863,
1884,,1.8446187335,
1885,UNDB,3.5978787442,
1886,FMA,2.067426612,
1892,ENIAC,2.6467675608,
1893,,3.4163885643,
1894,FEPAM,2.64305536,
1895,UNICHRISTUS,3.6563342864,
1898,FALS,3.1161117801,
1900,UniFaesp,2.9133736182,
1903,FACCREI,2.367279255,
1904,FASC,2.0569312806,
1906,IES-MATERDEI,2.8164888463,
1907,FAEC,2.0442812285,
1908,FABRA,2.7180941121,
1909,,2.579185652,
1910,,2.7806812719,
1913,UNIFAMINAS,3.0063147102,
1917,FACIMED,2.2772849666,
1918,FUCAP,2.5144770038,
1919,FACET,1.871792154,
1921,FSB,3.1529265241,
1923,FAJANSSEN,2.961138171,
1926,UNIPACAT,3.201634701,
1927,UNIGUAÇU,3.0544914151,
1928,,2.5057206469,
1930,SINGULARIDADES/ISESP,3.2572008191,
1931,IESF,2.7265803646,
1932,FAPAS,2.4513907131,
1933,FABI,1.7746887571,
1934,FASIP,2.3887148208,
1936,,2.2882695757,
1938,,2.179957951,
1939,INESUL,1.8930581087,
1940,FANS,3.1034285115,
1941,FAUC,2.6489549182,
1944,IBRATEC,1.7996977073,
1945,,2.304516698,
1946,FALEG,2.473103844,
1948,FESP,1.9897988,
1949,UNIFACP,1.9901685093,
1950,FAO,2.424897299,
1952,,3.3719211686,
1956,IBESA,2.8012670243,
1957,SENAI DE JOINVILLE,1.6573024091,
1958,CET BLUMENAU,2.1104407285,
1961,ITCSAS/CENSA,2.7135457362,
1962,ISECENSA,3.737670869,
1964,HOTEC,2.1353886308,
1965,FAT/AL,2.3283861645,
1967,FAI,2.2095915258,
1970,UNES,4.1287647833,
1972,,2.440382188,
1973,ISEOL,1.961226156,
1977,CESA,2.232649256,
1978, Unifametro,3.5309163059,
1980,SINERGIA,2.8251239323,
1984,,2.942390118,
1986,,2.6455739677,
1988,UNIAVAN,3.0642544856,
1995,FAMENE,3.4219833459,
1996,ICEC,1.8546000447,
1998,ISEED,1.4141084838,
2001,SALT,2.564683712,
2005,FACISAS,2.5335786169,
2009,FTGA,2.0254713099,
2012,ISEP,1.7069669622,
2015,ISTA,3.129881866,
2021,,2.2001700701,
2022,FAROL,2.3982055202,
2023,UNIFG,2.6892463134,
2027,FAC-CG,2.0998950525,
2030,ISECAMP,2.4861239124,
2033,ISEF,1.395027978,
2035,ULT,2.1453442693,
2036,ESTÁCIO FAP,2.6734328088,
2037,FCT,2.666401174,
2039,FACILUZ,2.07858676,
2040,FAF,2.5964853162,
2041,SUDAMÉRICA,1.8837365699,
2042,,2.5410766169,
2043,FVS,3.4130562763,
2045,FAMA,2.513968891,
2049,IESMA,2.1526100905,
2056,FAP,2.4991103377,
2058,UNNESA,2.7396877645,
2067,FACEMP,2.5453422471,
2072,IEVAL,2.158286849,
2075,IESA,,NI
2076,UNIRB,2.750171445,
2079,FAI,2.0598870333,
2082,FCM-PB,2.7058564095,
2084,,3.0819503982,
2085,UNICEUSA,2.3927532122,
2086,IESFI,2.0400128088,
2096,FCM,3.0941188012,
2098,FAEX,1.8666821392,
2102,FAU,2.262339474,
2111,UNINTA,2.8240096675,
2113,FDB,2.8938023315,
2117,FACITEC,2.1958814815,
2122,,2.6299547444,
2123,UniMAX,2.8003816297,
2124,CALAFIORI,2.7383542082,
2126,DIREITO RIO,4.0781756525,
2128,FGV DIREITO SP,4.3502762969,
2129,EESP,4.7790634184,
2131,FAPAN,2.405733564,
2132,,2.8974987729,
2133,FACETEN,3.1248925243,
2134,,2.213678724,
2135,UNICATÓLICA,3.0132283434,
2140,FNSL,1.790413496,
2141,FABAPAR,2.7972730009,
2145,FPTEC,3.4046999079,
2146,FAC,2.6219319678,
2147,FAMETRO,3.079835387,
2148,FAPAL,2.4390931849,
2149,FACSUL,2.2132945665,
2150,FAPI,2.0748925737,
2154,ISAT,2.559494631,
2156,FACESTA,1.3786660153,
2157,ISESA,2.5717383952,
2158,FSM,2.6768839557,
2160,IESSA,2.4770430121,
2163,FEG,3.393293777,
2165,FAFIG,1.718359178,
2168,FCG,2.5371048036,
2171,IBHES,2.1715024955,
2174,FASC,2.2152905561,
2175,,2.963972613,
2177,FIPEN,2.4419144624,
2180,RATIO,1.856513276,
2183,CUFSA,2.0990002642,
2184,,2.80171058,
2186,FSDB,2.2038446532,
2189,FACAM-MA,2.3779870641,
2191,,2.469136943,
2192,ISEI,3.0212291812,
2194,,2.2392703616,
2197,FVB,1.706692567,
2198,FATO,2.1498610665,
2200,FAVAG,2.38793704,
2202,ISEPE Guaratuba,3.555337836,
2205,-,2.7931620752,
2220,DOCTUM,3.0101384565,
2222,FASETE,2.8927713749,
2229,FVH,2.2957323964,
2233,FACISABH,2.5962897037,
2237,FATEBE,2.310077204,
2240,FAFOR,2.2832951008,
2241,FACSUM,2.2640838512,
2242,FAREC,2.4060621923,
2243,FAP,1.5413439322,
2244,FACIMA,2.1697655585,
2245,FACES,2.5074568423,
2246,FAMEC,2.413440317,
2247,,1.571257557,
2248,FASER,1.412609796,
2257,FAD,1.9430288494,
2264,PIT GUARAPARI,3.638505808,
2266,CAMBURY,2.6772973986,
2270,FAEX,2.5031208449,
2271,FPI,2.6770859788,
2275,FASA,2.2927632178,
2279,UniMetrocamp Wyden,2.5925139183,
2282,FAC,2.640851134,
2287,ESTEF,2.402166897,
2288,FAR,2.583144014,
2289,UCESP,1.6649705546,
2297,FADISMA,2.147865679,
2301,FF,1.746162234,
2311,FKMG,3.04208346,
2312,FALURB,2.4227429717,
2320,ISEAT,2.314741425,
2323,FAMA,1.3442616988,
2324,,1.8995868491,
2328,FITB,2.4965855616,
2330,FCR,2.118640107,
2332,FACESPI,2.1638920303,
2334,,2.3134909385,
2336,,2.6834293004,
2341,FALC,2.2734488525,
2343,FAAO,3.1659175428,
2346,IFIBE,2.974588581,
2348,IESF,2.9854675065,
2350,ESMAC,2.5404398132,
2351,PIO XII - DIR,2.662357928,
2355,,1.7446305653,
2356,FPA,1.832259373,
2365,UNICATÓLICA,2.9549308984,
2368,,4.1480561277,
2369,INESA,2.4805167562,
2380,ESTÁCIO AMAPÁ,2.5000314654,
2383,IMED,3.1848676961,
2384,FAIBRA,1.436297117,
2389,FFTP,2.6557484383,
2397,FUCAPE,4.3666311162,
2399,,2.3625375159,
2402,FTC CENTRO,2.7651361402,
2408,ESAMC,2.074505315,
2409,ASCES-UNITA,2.7731087072,
2410,FAC,2.2005182947,
2413,FAESF,2.4409062384,
2420,FAPAR,2.3503516202,
2423,FACIT,2.227279976,
2426,FIBRA,2.9359359197,
2427,UNICENID,2.341908944,
2428,FACICA,2.7603185858,
2431,ESTÁCIO IBIÚNA,1.960696129,
2437,PIT TEIXEIRA,2.3378703004,
2440,FCJP,2.3416089094,
2442,PIO XII - BIO,2.2814946996,
2443,,3.1799561451,
2444,,2.0302247827,
2450,PROMOVE,2.8791074659,
2456,FACHASUL,1.313167649,
2459,FEAPA,2.6928549501,
2460,ESTÁCIO DE NATAL,2.4689072647,
2462,FSL,3.0139189686,
2465,IBMEC SP,3.065990685,
2466,FIED,2.6095266037,
2468,ITF,3.385795039,
2469,IMMES,1.5019690962,
2470,ISEC,2.6540480965,
2474,FAMAM,3.4670625611,
2475,FDLM,2.912228854,
2477,FAMA,1.8528873674,
2478,FISUL,2.5790051557,
2484,PFD,3.3096208265,
2485,FCF,2.8339131803,
2488,FAE,2.4645163534,
2491,ISCECAP,1.879955695,
2494,,2.5245822071,
2497,,2.9655222567,
2499,,1.6716243576,
2501,FESGO,2.6450232817,
2511,FADIG,2.278762339,
2513,FPL,2.9969975095,
2521,ISESPI,1.827179498,
2532,FASUG,2.3364039927,
2536,FARES,1.7872592844,
2537,FSG,4.0789118254,
2538,FAVENI,3.3342713717,
2548,FATEFIG,2.1292973342,
2553,FDP II LEM,3.310244188,
2554,FEST,2.3158512991,
2556,UNIFIAM-FAAM,2.7262752758,
2560,FAESF/UNEF,3.2022503952,
2564,UFCG,3.3356965792,
2565,UNIABEU,2.2298332628,
2566,IESO,,NI
2568,FAZAG,2.2387930362,
2569,CET-FAESA,2.9991137074,
2571,FACREDENTOR,3.2879023509,
2572,FAC,1.4439178589,
2573,FTSA,3.1206345637,
2576,FIPAG,2.6741295995,
2579,UniAtenas,3.2375657064,
2581,FSS,2.1177320627,
2582,UCP,3.0907750448,
2591,EBEF,4.8548883097,
2593,FJN,2.4277999764,
2613,,2.75642313,
2616,FASAP,2.6585630752,
2617,FSB/RJ,3.0513328959,
2620,FAMPER,1.8945292603,
2623,FAT,2.002915631,
2624,FLP,2.0704754054,
2625,IBTA,2.6150886973,
2629,AJES,3.4408842562,
2632,UNESULBAHIA,2.350308325,
2636,FADIP,3.0649771954,
2642,FASVIPA,1.7721398809,
2647,FISMA,2.5904675437,
2652,FACULDADE UNIDA,3.6080324823,
2656,,1.977395429,
2676,,2.4763323522,
2677,ISESJT,1.749329399,
2687,FDA,2.7385413288,
2688,INESP,1.589102847,
2702,FCJP,2.68442024,
2703,FSM,2.8000882933,
2723,UBEC,3.1125578674,
2724,IESMA,2.1279918377,
2726,INEA,0.797657022,
2741,FACDO,2.3824211393,
2744,ISE VERA CRUZ,3.044582218,
2745,ESAMAZ,2.5180854486,
2753,FCG,2.4479616921,
2754,FSP,2.7162046618,
2755,FAVIM,2.739459131,
2756,,2.4854252254,
2761,UESSBA,2.339311297,
2763,CESG,3.0140070137,
2766,FAEM,2.2775019002,
2770,FACUNICAMPS,3.4990000017,
2771,CESUPI,2.1023780151,
2773,,2.6438659604,
2774,FAFIBE,3.088263404,
2775,FAUSB,2.0140251243,
2779,FIOURO,1.7689520402,
2783,FATENE,2.3471875195,
2787,FPP,2.9512533777,
2791,,1.8571597469,
2793,FACULDADE UBS,2.58563285,
2794,FAIESP,2.0475884108,
2796,FAI,2.5322081912,
2799,FANEESP,2.859877173,
2805,FACIMOD,2.6611407982,
2808,ITECNE,1.250931081,
2811,FAPCOM,3.5620006183,
2814,,2.702060873,
2821,,2.991681512,
2826,FACULDADE FÁTIMA,2.359443795,
2827,FAEPI,2.5268962894,
2831,DOM BOSCO GOIOERÊ,1.4673969186,
2832,ISEPRO,2.130379541,
2835,UNINASSAU,2.816676617,
2836,SULDAMÉRICA,2.8691455624,
2841,FP,1.870877205,
2843,FCMS/JF,3.5310622193,
2844,FSDB,1.9970544765,
2845,FARR,2.1256122882,
2849,ESDHC,3.2319621014,
2855,UNIFIN,2.1154801445,
2859,FABEL,1.855751895,
2870,FASEC,2.274628792,
2879,,2.5037036953,
2886,FAZP,1.1599843558,
2891,AES,2.5821718259,
2896,FASATC,2.5341902361,
2903,FACC,1.9218130929,
2904,ESAMC BRASÍLIA,1.7328516105,
2908,FANEC,2.3741005077,
2909,FACEM,1.776066615,
2910,FAVENORTE,2.1442288333,
2911,FAPAN,2.1275778648,
2915,FPM,2.143763447,
2917,FABRAN,1.8658060449,
2918,FESAR,2.3128688997,
2927,FDR,,NI
2935,FACTHUS,2.4414043652,
2944,,2.0831132905,
2949,FAP,2.4540054207,
2950,FADERGS,2.9755495988,
2961,FAPAN,3.0477092571,
2964,,3.0549864807,
2969,OCIDEMNTE,2.251007871,
2971,FB,2.5543107733,
2973,,2.4494298798,
2974,,2.2336076174,
3004,IESC,1.3273558277,
3008,FACULDADE INPG - SJC,1.8954370062,
3012,FAJOPA,2.9314871157,
3020,IFASC,2.1843237923,
3027,,1.805989817,
3029,FAAM,1.9411580907,
3034,FACDELTA,2.7962251476,
3042,CHRISFAPI,2.8411707458,
3051,FAETEL,2.78520703,
3099,FPB,2.5485709586,
3146,FOR,2.6813790774,
3149,FPD,2.6243591409,
3151,UNOCHAPECÓ,2.8849711416,
3155,FATEC,2.687188409,
3157,ISEAR,2.30913633,
3159,SENAI -SC - CTAI,2.7046509613,
3160,IFAL,2.4031530134,
3161,IF Sertão,2.4922944482,
3162,IFSC,3.3462083602,
3163,IFRJ,3.1141089998,
3164,IFMT,2.4305368576,
3165,IFTM,2.695885804,
3170,,2.6404732487,
3171,,2.5484953951,
3172,UEA,2.8550051036,
3180,,2.845926815,
3182,,2.099550743,
3183,IFS,2.8495064873,
3184,IFRR,2.2458887443,
3186,FAEV,1.462550721,
3188,IFNMG,2.7326571961,
3189,IFMG,2.8508436086,
3193,CESCAGE,2.2144101838,
3194,FAMINAS-BH,2.7595256754,
3204,FQM,2.1222934038,
3205,FAVIÇOSA,3.1165704494,
3223,ESCS,2.8084950374,
3230,FILEM,2.195086625,
3232,FI,1.8947363529,
3252,FAQUI,2.2573439846,
3268,FMT,2.2886844435,
3270,FSBB,2.7900586608,
3279,IFSEMG,2.8355685876,
3285,FSA,1.8283163018,
3294,ENIAC,2.5669530818,
3295,SENAC FLORIANÓPOLIS,2.5229317375,
3299,FATI,2.683568778,
3302,ISEJ,1.55613848,
3303,INVEST,2.1868978776,
3304,UNIFIP,2.4756375021,
3306,FATIPUC,2.232506792,
3307,CBTA,,NI
3308,FTT,2.9163140009,
3319,Catalana,2.530067086,
3323,IESCAMP,2.5430126566,
3332,FATEC,3.0507479663,
3333,,3.2120780097,
3336,UERGS,3.2567472482,
3337,FACULDADE CET,2.068388967,
3339,IDEAU,2.9178659121,
3363,FAG,2.3223511003,
3365,FASJ,2.8943433828,
3367,ISEOL,2.097632073,
3368,UNIS-MG,3.1678227403,
3371,UNIPAM,3.1497560954,
3372,UNILAVRAS,2.9551640336,
3375,IESM,2.5755616803,
3376,FATIN,2.043354275,
3377,FAMA,2.5295065589,
3388,FAP,3.0809071172,
3389,SER,2.564886839,
3393,FACDOMBOSCO,1.9706118139,
3396,FACELS,2.2976770689,
3397,FBNCTSB,2.7449946777,
3411,,1.8469275525,
3427,DP II Sergipe,2.443417452,
3428,,2.539057147,
3430,FAESSA,3.2673863724,
3431,FAS,2.040613498,
3432,FG,1.8786909059,
3434,FASI,2.9481335392,
3436,FARA,2.5933437318,
3437,,3.2346021362,
3443,CESUCA,3.8695549251,
3448,,2.4737801851,
3456,POLICAMP,2.4552938516,
3488,CES-CL,2.168547753,
3495,HORUS,2.4775314663,
3509,FAVI,3.197002162,
3513,FAPREV,1.7366795957,
3514,FACE - ALFOR,1.6846881001,
3515,FAINTVISA,2.9682362076,
3516,FAC - SAUDE ARTHE,1.4625221515,
3518,SOCIESC,3.2076250935,
3522,FACAPA,3.2538583075,
3523,,3.7506697637,
3525,FAECAD,2.28693505,
3529,UNIVEM,3.0115772223,
3533,FACERES,3.3792480916,
3536,FATEV,2.468778269,
3541,FAT,3.0400880629,
3543,FACULDADE IENH,3.3113968103,
3573,FTBB,2.305707464,
3584,ISED,1.876192812,
3585,FACRUZ,1.660737207,
3587,FADISI,2.8374712118,
3588,,2.3843841383,
3590,FESVIP,2.2222386799,
3602,UNIBRASIL,3.0871982663,
3603,,2.3653628535,
3607,ESUP,1.5217209353,
3609,FACIIP,1.440200427,
3610,Unicesp,3.5149141435,
3612,,1.7340085092,
3613,IESGO,2.7056734882,
3614,,4.7890596363,
3615,FPS,2.8680123526,
3617,FACESF,2.223812194,
3618,FMS,2.1800177511,
3625,FACESA,1.505885991,
3631,FADIC,2.6741428263,
3641,UNIFEB,2.881942852,
3644,FCST,2.1250119974,
3648,,2.5215544521,
3649,FCV,2.8882389337,
3657,,2.2766147715,
3663,FE,2.1169736,
3669,FARRP,2.2153811068,
3675,SINAL,1.245065075,
3680,FACPED Fortaleza,3.010495856,
3682,ISEMI,2.702259969,
3684,FESC,2.82492541,
3688,,2.6166769826,
3690,FAPE2,2.3286157074,
3692,FATEC CAMPINAS,1.5953957051,
3710,ESNS,3.376163788,
3716,FCV,2.4217019618,
3724,FSJ,2.4918717452,
3741,,2.2278039541,
3743,,2.1061320042,
3746,FAPPES,2.6377221519,
3753,DOMPEDRO,1.1109380039,
3754,FADMINAS,2.3650319623,
3756,,2.0397824057,
3757,FASEM,2.4284766726,
3758,,3.6295690464,
3768,,2.0868371354,
3769,FAMAT,1.5440860546,
3770,FTBSP,3.188523755,
3776,IESMT,1.4551893676,
3777,FAC,2.2532750747,
3778,FACAR,2.1043420555,
3779,ESTÁCIO SANTO ANDRÉ,2.4541287508,
3782,FACI,1.697056632,
3783,FAPEN,2.2595832684,
3784,IESRN,1.8009718485,
3785,IMEC,1.7329195128,
3786,FACEMG,2.7115580996,
3788,FJF,2.740926089,
3789,,3.0335494537,
3793,FAF,2.2823452911,
3797,FAG,2.9895480927,
3804,SENAC/RS,2.9512303793,
3805,FATECPB,2.5887460206,
3815,,1.7672794114,
3817,,2.714117348,
3823,,2.804371628,
3826,,1.411072154,
3838,,2.2304999604,
3839,IPEMED,2.6482596297,
3840,UNIFACVEST,3.6074187411,
3847,,2.421762851,
3849,UFT,3.0178900854,
3853,,2.6402205419,
3854,IDEAL,2.4546804372,
3862,FLF,2.8968069413,
3864,FARAL,2.5121552885,
3866,FABEC BRASIL,1.9412931506,
3867,MAUADF,3.0634309105,
3869,IFES,2.450771417,
3875,UNIFEG,2.2567922781,
3876,,2.6060380032,
3877,FBC,3.153303314,
3879,UNINASSAU CPV,2.766203538,
3881,FIS,2.3226274325,
3921,,3.1311757388,
3930,IESRSA,2.9509797414,
3933,FAMESP,2.4547553341,
3936,,2.3104292281,
3937,,2.3728242602,
3939,,1.0965475026,
3940,FAESB,2.5208532423,
3946,,2.4132604491,
3947,SENAC,1.843472696,
3948,SENAC,2.1203999641,
3954,FACIJUGO,2.361593724,
3955,FIC,3.1143068719,
3962,SENAI CIMATEC,3.3468179775,
3966,UNEC,2.5866702822,
3972,CESEP,2.2651078434,
3974,FESURV,2.4660990033,
3977,META,3.1615421225,
3978,FATEP,1.722807511,
3979,-,2.7487914055,
3980,,1.3557408425,
3983,UNIFORMG,2.2961505241,
3984,UNIVASF,3.3246831379,
3985,SENACSP,2.7856103228,
3986,FAINSEP,2.2940633556,
3987,FUG,2.8956166872,
3990,,1.241926023,
3992,-,1.874566785,
3996,SENACPE,1.9877908759,
3998,INFNET,2.8529714647,
4000,FAIP,2.855473398,
4006,FATEC SENAC PELOTAS,2.9279923394,
4007,FATECE,2.3827442365,
4009,FATEC ESTÁC CURITIBA,2.8941856636,
4010,IPA,2.7548961754,
4013,,3.0843516901,
4016,INES,2.711331878,
4017,UNIANCHIETA,2.4911697077,
4020,FATEC BT,2.7127563191,
4021,FATECGA,2.1585474525,
4022,FATEC/JD,2.604664769,
4023,FATEC MAUÁ,2.388029027,
4024,FATEC,2.6426095188,
4025,FATECRP,2.7165338384,
4026,FATEC-ZL,2.7458812125,
4028,FIT,1.9122422334,
4029,FAP,2.5252275285,
4030,UNIFLU,1.9517342213,
4037,,2.5424308157,
4042,JK BSB RE,1.6213338705,
4043,FATEC EDUVALE,2.449825872,
4045,UNISOCIESC,2.9539725832,
4059,,1.5708538077,
4064,FAMA,2.2231625979,
4066,FABERJ,1.951888164,
4068,ICESP,3.3709413721,
4077,FAQI,2.3936625318,
4079,FAT- INAP,0.9775013678,
4086,FATEJ,2.212142693,
4090,FARO,1.9807206876,
4093,FATEC-PR,3.1656221201,
4094,ESTÁCIO PARAÍBA,2.1968378574,
4095,FATECDF,,NI
4096,FTEC Porto Alegre,2.1836731176,
4097,FTEC Bento Gonçalves,2.9483447218,
4098,IFFarroupilha,3.1326541199,
4101,FATESG,2.4361470905,
4104,ESEG,2.9145567869,
4107,FATEC SENAI,2.4900536288,
4108,ICESPI,2.7650764539,
4113,FACER,2.8607500037,
4118,UNINABUCO PAULISTA,2.5117962609,
4121,,2.8349385049,
4123,FAJA,1.612109276,
4126,FACESA,2.848969916,
4135,,2.3849733344,
4138,,2.2145067439,
4141,,2.6951057401,
4150,FATEP,2.3387839904,
4153,UNINABUCO RECIFE,2.7737796178,
4157,FAMESUL,2.3895483123,
4162,FacSenacGO,2.2723743759,
4163,UNIBAVE,2.4242482396,
4166,CESUBE,2.7237007979,
4169,ESTÁCIO CARAPICUÍBA,2.118810868,
4173,FACJK,1.284995128,
4179,FNB,1.6435553084,
4185,FPBE,2.3920021195,
4197,,2.7844234531,
4198,FAMP,2.4399731838,
4199,,2.420332319,
4201,Faculdade Unifuturo,2.041833467,
4211,ESAMC,1.419786141,
4218,FPL,2.2872102757,
4219,ISEFOR,1.7508946884,
4251,PIT-FATEC,2.4872257408,
4255,UNESC,2.8480187668,
4256,,3.1131823954,
4257,IFITEG,2.5148392084,
4259,FACMAIS,2.9239831437,
4261,FATEPA,2.5032138185,
4277,ESTÁCIO AMAZONAS,2.4879204047,
4289,FAVED,1.7302900707,
4293,,1.6562015038,
4294,,2.681668398,
4329,FACEM-BH,2.0033131661,
4330,,2.6217680755,
4356,FACIP,1.363636925,
4358,IF SUL DE MINAS,3.2915314944,
4362,PITÁGORAS-BETIM,2.4835109571,
4367,FATENE,2.57660353,
4396,UNIFIMES,2.5058493664,
4399,UNIBALSAS,4.011955265,
4411,,2.4680094672,
4416,,1.6692901073,
4420,FIBAM,2.6488198629,
4421,FATEC SENAI BH,1.102825409,
4428,FEMASS,2.9396456264,
4429,,3.1809305587,
4431,FACENE/RN,2.2208946673,
4435,FASP,1.943665816,
4450,UNIFAMAZ,3.3394999584,
4452,,2.4874976143,
4460,FAB,2.5087412323,
4492,FPD,2.0137379386,
4495,,2.3536101889,
4496,FATEC-IVAI,2.3786756866,
4502,FIC,2.3868094291,
4503,UFRB,2.93390235,
4504,UFGD,3.3777048878,
4518,FAP,2.249967277,
4522,UNISALESIANO,3.346757273,
4530,FITS,2.7719215416,
4531,FADBA,2.3897731742,
4532,,2.2770269728,
4533,FASP,2.1027875715,
4534,FATEC,2.2685959858,
4566,ESTÁCIO FATERN,2.4836848231,
4567,,2.1052642964,
4584,,2.8201189597,
4586,FNG,2.8736438068,
4588,APOGEU,2.2922292702,
4594,FCR,2.3299009607,
4596,,2.4508342103,
4597,,2.1733373673,
4605,,,NI
4610,,2.6534262332,
4613,FAEMA,2.5322358372,
4616,,3.0477294382,
4631,FAAJP,3.0161712374,
4632,IDEAU,2.7275757753,
4633,IDEAU,2.7340571277,
4652,,2.4168901282,
4655,FSO,2.2929199643,
4656,,2.4259790448,
4661,FAPAN,2.2952196346,
4669,FACULDADE DELTA,2.7309906578,
4674,FAPAG,2.1436994846,
4681,,2.3580399911,
4699,FAN,3.6456138991,
4700,FNR,2.1283629973,
4702,UNIBRA,3.9628328268,
4714,FERA,1.9229194524,
4722,FIVJ,2.602990261,
4724,FACIC,2.6832265468,
4725,FATEGIDIO,2.1320446946,
4731,,2.492201367,
4732,FAC SENAC DF,2.0791724045,
4739,FAPAG,,NI
4742,,2.7312173327,
4751,FATECIE,2.7631630724,
4756,USJ,2.4473499712,
4765,,3.4003535983,
4766,FUNAC,3.1404267543,
4773,IBS,2.0407695855,
4777,FKBH,3.4092972181,
4780,FACISA,2.1905563912,
4784,,2.9798953569,
4785,IFRO,2.6417629137,
4786,IFTO,2.5367840392,
4793,FAFIT-FACIC,1.5603797389,
4810,AMF,2.9929387419,
4821,FACIGE,2.126859214,
4823,FECET,2.4061020069,
4826,,2.2377144764,
4836,INEC,1.714373285,
4846,VÉRTICE,1.8839871359,
4847,,3.990350845,
4849,UNITPAC,2.7514023187,
4858,ESSA,1.7928823181,
4863,,2.504613915,
4865,,2.1776957297,
4867,,2.3304469143,
4873,ETEP,2.0452299765,
4878,,2.4218276228,
4889,,2.1211961782,
4901,FASIPE,2.5481827027,
4902,,3.87625717,
4910,FATRA,1.6915864206,
4915,ESTÁCIO CASTANHAL,2.5092063188,
4917,,1.1887745865,
4922,,3.068484176,
4925,UFABC,4.0032949497,
4926,FATECPG,2.3065354792,
4938,,3.553568037,
4943,,3.889118065,
4945,INTA,2.3155992191,
4950,,1.4586853389,
4959,,2.2890425566,
4962,UNIFEMM,2.7856864515,
4964,UniFacema,2.804281562,
4969,ITOP,2.5216543892,
4983,BILAC,1.4204799184,
4992,FTC SERTÃO CENTRAL,2.7166716606,
4995,EDUCA+,2.0257309907,
5013,UEZO,3.1873618964,
5016,FAETERJ R DE JANEIRO,3.102054726,
5017,FAETERJ PETRÓPOLIS,2.355923935,
5018,ISEPAM,2.006753032,
5020,FAETERJ S ANT. PÁDUA,2.064735324,
5021,FAETERJ ITAPERUNA,2.540408347,
5023,FAINTER,2.629570194,
5036,IF Catarinense,3.1265508935,
5038,FACIMAB,1.4308073859,
5044,FDG,2.12572213,
5045,,1.8607030526,
5046,,1.345128586,
5048,,4.145811552,
5051,FAETERJ BJ ITABAPOAN,2.220035104,
5052,FAETERJ TRÊS RIOS,2.705911366,
5053,FAETERJ PARACAMBI,2.5834537641,
5066,,2.513561839,
5077,UERR,2.6035160423,
5105,,2.3569810068,
5107,,2.7843575061,
5124,,2.700405056,
5131,SENAC,1.9102752329,
5133,,1.6426156501,
5186,,3.0594996422,
5215,,3.4135330569,
5216,,2.1730580727,
5217,FIP,2.495307838,
5228,FRM,1.6755093529,
5242,UNEAL,2.244959934,
5276,DOCTUM,2.973195805,
5277,,2.6433511449,
5285,FACCAT,3.0989325401,
5288,,2.5774916864,
5290,,2.0943287427,
5303,,1.9252433143,
5312,UNIFAAT,2.9507370212,
5313,FUC,3.177228006,
5314,DOCTUM,3.1045613396,
5315,FUI,2.8075290713,
5316,FUL,3.3003482915,
5317,FAPA,2.6734712307,
5318,FGG,1.551847919,
5322,UNIPAMPA,3.2228942409,
5362,,2.4229288443,
5369,ASMEC,2.5165944932,
5370,UNIDOCTUM,2.8999330882,
5387,FIT,2.594065901,
5394,FENORD,3.040368449,
5403,Uniopet,2.6305851931,
5439,UNICEPLAC,2.5286608069,
5451,,2.4072208375,
5473,FACITE,1.9454197043,
5511,,3.0368607218,
5518,FG,2.2955847156,
5520,FACES,2.8001638542,
5544,FAPAC,2.2576202646,
5550,,2.036447862,
5555,,2.2312546004,
5591,FICA,1.4194772868,
5592,FUNORTE,2.9878491133,
5593,FAH/UNASP-HT,2.90727171,
5599,LIBERTAS,2.7612453352,
5600,SJT,2.6140475283,
5627,FATEC,2.4654910785,
5633,,2.4903372724,
5663,,1.6804731553,
5664,FACISA,2.4633717122,
5668,,2.3824694292,
5669,,1.9203775046,
5670,UNIVAR,2.7655269072,
5671,,2.0471071421,
5701,UEAP,1.9542394395,
5706,FMP,2.8983563049,
10058,,2.0212181503,
10071,ITEPAFACULDADES,2.806733523,
10116,FATEC SENAI MT,2.4210619201,
10323,BANDTEC,2.4646924923,
10349,IPPEO,1.2596492032,
10385,ITESP,3.508096497,
10588,,2.648904944,
10685,MULTIVIX SÃO MATEUS,4.1603232384,
10836,FAC-UNILAGOS,3.4974177789,
11007,FACEOPAR,,NI
11289,ESNS-SP,3.592195933,
11308,FACSUMARÉ,1.9977379135,
11428,FAC FUNAM,2.7623563666,
11429,FASURGS,2.7776639905,
11544,FAMA,2.3804643541,
11563,,3.2592636352,
11586,,2.1018537796,
11593,,2.0101947904,
11604,,2.7902548542,
11645,FAEV,2.8634559161,
11750,-,2.1297242789,
11807,IED SP,2.4995452469,
11818,Inspirar,2.8089427548,
11841,FACEP,1.8562623364,
11860,INAPÓS,4.2807098628,
11895,,2.0630234156,
11951,FASBE,1.8112254423,
12189,FAP,2.399919532,
12247,EDAP,3.2627212198,
12268,FACO,0.749787368,
12338,FACSALLE,2.558068979,
12430,FAMESC-BJI,2.2490422156,
12522,FAMOESP,2.6338033481,
12523,,2.1130510861,
12547,FACITEN,1.2101418638,
12620,FACSETE,3.7503440512,
12661,,3.950016185,
12723,FINACI,2.9611386567,
12735,FACX,1.7592663893,
12748,FETAC,1.5184757259,
12749,FAPEC,2.5497274876,
12754,FCC,3.977817418,
12758,FAEC-PVH,2.038821788,
12766,,2.3216246263,
12772,FTS,2.554910616,
12784,FTEC Novo Hamburgo,3.1254044926,
12791,,2.2229373041,
12847,FEFB,2.1698628742,
12869,FJP,1.0567221861,
12916,IPOG,3.0712826637,
12922,FATEC/BA,2.013309616,
12923,,2.2151540716,
12928,,2.338153669,
12946,FAMAT,3.2387004795,
13014,FATEO,2.881950434,
13034,FASES,1.7860215561,
13106,FATEC FLF,2.0741658687,
13133,,1.8859830444,
13238,IBEC,1.444136265,
13300,ADJETIVO-CETEP,1.7633198416,
13359,IDEAU,2.8121381345,
13417,FPO,2.4527346409,
13476,FASBAM,2.311459006,
13481,FRB-GV,2.9473569771,
13484,FAEV,2.7697214156,
13486,Factum,2.497822405,
13488,,1.6323288905,
13527,FCN,2.3379275515,
13538,,1.850509352,
13620,,2.7810066067,
13625,FATENP,2.4457524257,
13631,CENSUPEG,1.5110828026,
13643,FEICS,2.2352403645,
13648,FACSM,2.440981193,
13657,,2.9176309133,
13663,FISBE,2.135672016,
13666,FDCON,1.772285831,
13684,PIT Contagem,2.2420663407,
13695,EMAp-FGV,4.1609578389,
13716,GAP,2.8748135895,
13717,FVA,1.5155823898,
13728,,2.2881232782,
13743,PIT GV,1.821736936,
13749,Facear,2.9794790438,
13775,FAITEC,2.365737639,
13782,FSC,1.595583052,
13783,ESTÁCIO FEIRA DE SAN,2.2493954939,
13784,FAPLAC,1.917820999,
13792,FANORTE CACOAL,1.8364351845,
13796,,2.1670375125,
13809,FASASETE,2.3877583649,
13811,,2.349473067,
13812,ESAB,2.6914144064,
13828,FIBH,2.3973932283,
13832,FASF,2.4462022808,
13865,FASEG,,NI
13873,FINOM,2.1041439298,
13883,FAMUR,3.0919415123,
13889,,2.009861187,
13897,Laboro,2.2399855989,
13938,FAMAR,2.006369542,
13944,FAN,1.91210007,
13982,,2.650245737,
14002,FG,2.6783833533,
14028,UNA,3.4108890879,
14029,,1.8633647453,
14069,FAPS,2.6807224095,
14097,Refidim,2.594546356,
14115,,3.0773019268,
14132,FAPACI,1.263090323,
14133,FAPAC LAMBARI,1.9273713877,
14147,,2.5304881553,
14148,FAPAM,2.826874098,
14151,,2.206627899,
14156,,2.468372876,
14157,FEESU,2.055694844,
14158,,2.661400471,
14161,FUNIC,1.8838847999,
14162,FAPAC - GV,2.4801684021,
14165,FATEP,3.2431788936,
14204,FUNEES Arcos,1.654170281,
14242,FUNIT,2.7686935015,
14243,,2.538680887,
14246,,2.6249037242,
14248,,1.847172444,
14288,FACASC,2.970993023,
14297,,2.2608674558,
14313,NF,1.896531336,
14321,,2.6938776536,
14342,FACREDENTOR,3.1411561944,
14367,FACULDADE EFICAZ,2.493069398,
14401,FAMO,1.9003910961,
14403,CESUMAR,3.1988366584,
14408,IFB,2.8872191773,
14429,,2.3218689153,
14509,IFBAIANO,2.8255840967,
14622,FISE,2.8155226975,
14715,FACPIAGET,2.7804866483,
14717,,2.6433340846,
14724,IFPR,2.9277760532,
14727,FAP,1.6597768188,
14784,,2.382012332,
14858,FFRAMO,2.307757612,
14869,,2.5995038488,
14882,FACHORIZONTE,2.1738272709,
14890,FPG,2.5066592367,
14892,FCSB,3.3931529275,
14901,FIC,1.7923792481,
14927,FASG,2.1910757844,
14947,FACIT,1.9548420436,
14951,FEITEP,3.5639486628,
14961,FATESA,2.1934138039,
14969,FATESA,2.8677066563,
14975,FANEB,2.7925193157,
14996,FGN,3.3995941767,
15001,UNILA,3.5698627496,
15015,UENP,2.9790086387,
15032,UNIARP,3.0220463777,
15059,UFOPA,2.965590173,
15121,UFFS,3.3524982101,
15133,FAJAR,2.939234992,
15135,,2.346843128,
15173,FEJA,2.9745284542,
15236,AMTEC,2.080810059,
15272,FATESP,2.299533359,
15280,FABEX,2.101852645,
15351,,1.643992788,
15357,,2.4438190753,
15382,AJES,2.18288895,
15401,FIPECAFI,4.025509133,
15410,FACHUSST,2.945521661,
15433,FACC-MT,2.7695906441,
15450,FUNIP,1.984701866,
15451,FADIPA,2.802190684,
15452,UNA,3.208215458,
15453,,1.9959759446,
15467,,2.8687316721,
15468,,2.2849966291,
15497,UNILAB,3.3243486267,
15504,FAI,2.2442725924,
15507,IFAC,2.2108272184,
15508,CEUPI,2.5309695661,
15520,IFMS,2.6883844934,
15521,CATÓLICA-SJC,2.666396538,
15522,IFAP,2.328300919,
15562,FBC,2.496297335,
15576,FATEC-MC,2.7956923861,
15581,FATECSJCAMPOS,2.7509399144,
15639,Fatec Itaqua,2.7975176903,
15669,FACEG,2.5990918824,
15680,,2.8933579736,
15682,Fatec Piracicaba,3.08562671,
15688,FATEC ZONASUL,2.7643993601,
15689,FATEC,2.929062095,
15693,Fatec - Itapetininga,2.5323004301,
15695,Fatec Itu,2.4986020962,
15696,FATEC SERTÃOZINHO,2.877767511,
15697,FATEC Araçatuba,2.398551378,
15708,FATEC Franca,2.9691110166,
15709,Fatec Osasco,2.3333462301,
15714,FATECMM,2.898277109,
15715,FATEC LINS,2.930136068,
15745,FATEC SCS,2.538113295,
15746,FATECIPI,2.5687319948,
15752,FATEC GR,3.185359981,
15757,Fatec Barueri,2.8381298336,
15769,Fatec Jales,3.2568358922,
15777,FSP,3.0454564068,
15793,Fatec SS,2.690936061,
15803,FATEC TATUÍ,2.9030783188,
15839,,2.2749133875,
15859,FACAP,2.3111350201,
15873,UNEITAQUÁ,2.2878153582,
15894,SOBRESP,2.929750813,
15922,,2.4196740446,
15980,FG,,NI
16194,FGT,2.864766521,
16245,FAENE,,NI
16395,FATEC,2.2470805107,
16410,FATEC Catanduva,3.2749964029,
16525,FDC,2.821664288,
16628,FANASPS,2.488693087,
16759,FABIC,2.0090492729,
16782,FAMAQUI,2.2545644329,
16864,FCI,3.442136964,
16894,ISL,3.202558564,
16898,FAM,2.148923952,
16914,,2.7473462187,
16934,Melies,3.199958148,
16943,,2.251504834,
17014,CSEJCDA,1.866131376,
17115,FTM,2.6584946101,
17116,FCG,2.30454478,
17118,AJES,2.2770280455,
17138,Católica em Joinvile,3.1170545079,
17200,FBT,3.608169894,
17224,CESMAC Sertão,2.1191403742,
17226,CESMAC Agreste,2.313247541,
17277,Senac Criciúma,1.580066224,
17284,,2.4926324747,
17288,FATEBE,3.46725298,
17322,FAIARA,1.687678812,
17326,,2.2006210008,
17355,FECS,3.5062257675,
17400,FAMED,1.0634906415,
17403,FAS,3.9858017319,
17420,FAC-CESUMAR,3.236602344,
17433,FASAVIC,2.1876676129,
17563,FCOESP,2.951219662,
17587,FH,2.601795204,
17590,ISAE,2.243835276,
17593,FDB,2.600146406,
17628,FMB,2.643477379,
17632,FAC-CESUMAR,3.1061607477,
17662,FG,3.5028588053,
17738,FACESGRANRIO,3.6943616421,
17775,FACISST,1.60403361,
17777,,1.879746276,
17816,,2.599047202,
17854,FECAF,2.8610811001,
17928,,2.7289103371,
18010,ESTÁCIO CUIABÁ,2.1251494293,
18023,,3.4162241994,
18025,FACESC,0.9263111146,
18036,PASSO 1,1.487581254,
18049,FATEC TAUBATÉ,1.347796626,
18051,FACINE,2.649446396,
18065,CFQ,2.1631074638,
18067,CFTQ,1.7883005808,
18077,,2.6442096364,
18114,FFMT,1.8191621419,
18147,INTEGRADA,3.56102027,
18148,FCC,2.2390753904,
18165,UNIVESP,2.3793845669,
18201,SENAC Palhoça,2.3201969687,
18210,,,NI
18253,FAVALE,1.8604695496,
18288,FLAM,2.535952745,
18440,UNIFESSPA,2.988914465,
18454,Unaset,,NI
18492,UNESPAR,2.7484180664,
18506,UFOB,3.2782401642,
18623,FESCEMP,2.7689682506,
18636,FARESI,2.3508024241,
18637,ImesMercosur,1.659424426,
18759,UFCA,3.1898439408,
18812,UFSB,4.1231390237,
18817,FATEC-SR,2.429408729,
18874,,1.6350844492,
19252,FATAC,0.910698626,
19337,,3.2904839832,
19500,FATEC São Carlo,2.345522793,
19501,FATEC SEBRAE,3.334619858,
19512,IMEPAC,3.3002689296,
19578,FATEC COTIA,2.536173825,
19588,FAETERJ CAXIAS,2.474084951,
19739,FATEC CAMPINAS,3.290880435,
19861,FASP,1.817743775,
19862,FATEC Bebedouro,2.83566027,
19863,FATEC Assis,2.525471349,
20478,FATEC-SPB,2.512685547,
22015,FAMA,2.292900064,
23410,UEMASUL,1.5446138547,
