codigo_ies,sigla_ies,igc_continuo,igc_faixa
1,UFMT,3.2365176739,4
2,UNB,3.9416587126,4
3,UFS,3.3675935096,4
4,UFAM,3.0481866247,4
5,UFPI,2.9606565572,4
6,UFOP,3.5094784829,4
7,UFSCAR,4.0580920277,5
8,UFV,4.0762385574,5
9,UEL,3.7405904992,4
10,PUCPR,3.5894174027,4
11,UNICAP,2.8843684724,3
12,FURG,3.4882396168,4
13,UCS,3.0876286817,4
14,UNISINOS,3.6446330168,4
15,UCP,3.0620142047,4
17,UFU,3.7294632068,4
18,UCPEL,2.779290226,3
19,PUC-CAMPINAS,2.8613042947,3
20,UPF,2.8376188864,3
21,PUCRS,3.732016802,4
22,MACKENZIE,3.263208979,4
23,FEEVALE,3.2092469348,4
24,UESC,3.4206341115,4
27,UNINCOR,2.7375904144,3
29,UECE,3.0310106288,4
30,UNIFENAS,3.3768842509,4
32,UNCISAL,2.6809485473,3
33,FATEC SO,2.8930832097,3
34,FATEC-SP,2.7685165827,3
35,FATEC-AM,2.863265466,3
36,FATEC-BS,2.6906204771,3
37,FATEC-JAHU,2.4073636713,3
40,UNEB,2.993705239,4
43,UDESC,3.5556538507,4
47,UEG,2.547987288,3
54,UNICAMP,4.424982563,5
56,UNESP,4.100281786,5
57,UEM,3.6485012346,4
58,FDSBC,2.600771631,3
59,FDF,2.803781244,3
60,UNI-FACEF,2.9343006037,3
67,EEP/FUMEP,2.5563539875,3
68,FAFIPE,2.6141218727,3
71,UERN,2.8955271787,3
73,CESA,1.7502512716,2
74,FFCL,1.3801585516,2
76,FURB,3.0126326294,4
77,FERLAGOS,3.4654895923,4
78,FAFIA,1.8634431448,2
79,IMES CATANDUVA,2.0803054508,3
80,UNIDAVI,3.2127278546,4
81,UNIVILLE,2.8242194191,3
82,UNOESC,2.9997196586,4
83,UNIVALI,3.157609079,4
84,FAFIMA,2.4644066256,3
87,UNIFEBE,2.7491439927,3
93,FMJ,3.3457631663,4
95,UVA,2.3740962369,3
99,FDCL,1.852767273,2
107,UFSJ,3.4412886432,4
109,FIRB,2.515727432,3
124,UNIARA,2.6972667356,3
125,UNAR,2.3162330543,3
126,INATEL,3.1607171098,4
131,FAEFI,1.513165602,2
135,CEUCLAR,2.9524380949,4
137,USC,3.429379579,4
138,CBM,2.7660460492,3
139,FCETM,2.4519123368,3
140,,3.2075654299,4
141,FADIVA,2.182076519,3
142,UNITRI,2.1773376384,3
143,UNIUBE,2.4492882165,3
144,FACHO,2.6806779839,3
146,UNIRP,2.4465851532,3
149,FAMERP,3.9468602991,5
150,UNISO,2.7916809012,3
151,FGV-EAESP,4.0284827893,5
152,FACIC,2.409514965,3
158,CBM-UniCBE,1.8416020317,2
159,FAFICA,2.4177162134,3
160,FAFIRE,2.564485371,3
161,UNIFAI,2.5537156426,3
162,FEBASP,2.7602312633,3
163,UNESA,2.7008170926,3
165,UVA,3.0304908106,4
166,,2.7133205649,3
167,UMESP,2.5806300672,3
170,FAFEM,1.739002493,2
171,FDSM,3.3031845274,4
176,UCB,2.4939765756,3
190,EMSM,2.582341346,3
191,FCCAE,2.7728478915,3
192,FFCLSM,2.015372403,3
193,FESM,2.5082923104,3
194,EEFTESM,2.6638252172,3
195,,3.1964160406,4
197,FESPPR,2.318892086,3
200,FCL,2.8809673059,3
202,,1.3805565216,2
203,USJT,3.3388358506,4
206,UNIÍTALO,2.6980481517,3
207,CUML,2.844480698,3
208,UNAERP,3.2748935674,4
213,FECAP,3.5163716241,4
214,FEAMIG,2.1537758136,3
216,CEUNIH,2.6172196356,3
217,UNIFAE,2.9391092804,3
219,FAECA DOM BOSCO,2.2743486413,3
220,FSJT,2.368525635,3
221,UNICSUL,3.0601025437,4
222,UNIFEV,2.7853882508,3
224,CUSABC,3.1473832096,4
225,,2.2767106595,3
226,UNILUS,2.8113246289,3
227,UNISANTOS,3.2748675869,4
231,FASB I,2.6572764067,3
234,FOC,2.8798125719,3
240,USU,2.454718964,3
242,UNIA,1.9487193763,3
243,FCNM,2.8463007343,3
244,UNIFIEO,1.9851311713,3
254,,2.2273585066,3
255,FEAP,1.220730535,2
263,FICS,2.2442130842,3
265,Unifio,3.2011036096,4
266,UNIMEP,2.9149177407,3
267,,3.7816448112,4
269,FACCAT,1.7633531395,2
270,,2.051443744,3
271,UNOESTE,3.368064999,4
275,UNIVAP,2.7553561363,3
276,FADI,2.421040793,3
277,UNISUAM,2.5850031316,3
278,FIS,2.370388206,3
279,FACHA,2.2955771478,3
284,FMIT,2.5632794359,3
288,FADIVALE,2.280793471,3
294,SETREM,2.6426109335,3
295,UNISC,3.2522862656,4
296,,2.6736538567,3
298,,2.4763217118,3
299,FAFIJAN,2.3755769848,3
302,FACED,2.9498952397,4
307,FAME,2.7982622452,3
308,UNIPAC,2.2324443021,3
316,UNINOVE,3.0030158002,4
319,,2.0940171514,3
322,UNIP,2.7024148076,3
330,UNIG,2.6186845796,3
336,FMS,2.4227782021,3
337,CES/JF,2.3469717086,3
338,PUC MINAS,3.1651744828,4
339,,1.4710899159,2
343,NEWTON PAIVA,2.8934443555,3
344,UNA,3.1565779889,4
345,EEK,2.906467295,3
346,ISCA,2.2796109584,3
349,UNI-BH,3.2526762139,4
351,FCMMG,3.2965082494,4
352,UNIPÊ,3.0642826342,4
353,FEMPAR,1.7610487203,2
355,UTP,3.3032262175,4
360,UNIPAULISTANA,2.6371978664,3
361,FAPSS,2.381113167,3
362,FAPSS-SP.,2.766995462,3
363,FAMOSP,2.1362039424,3
367,UNIMONTES,2.8968376564,3
368,FEFISO,2.827485759,3
370,FPA,2.291237126,3
371,FMCG,1.828857672,2
373,ESP,3.133702328,4
374,FMU,2.6400713267,3
375,UNISA,2.8282884374,3
376,,2.3203672468,3
383,UNAMA,2.724009929,3
384,UNIEVANGÉLICA,3.3658983888,4
385,UNIFACS,3.1393963079,4
386,UNI-ANHANGÜERA,2.6957099487,3
387,UCDB,2.9795266867,4
396,UniRuy Wyden,2.6806493264,3
398,UNIT,2.8196847145,3
402,UNICEUB,2.9095751108,3
403,UCB,3.6903250134,4
404,UPIS,2.3731783934,3
405,FOCCA,2.4898928944,3
409,UPE,2.918965968,3
410,FCHE,2.8158994557,3
415,FCMSCSP,3.9597953078,5
416,FASP,2.1012468788,3
417,UNICID,2.9661345261,4
420,UNIMAR,3.3214044194,4
423,URI,2.7874109698,3
426,UFN,3.3559920019,4
430,UNIFIL,2.6951412828,3
431,FAMEMA,3.5040046817,4
432,FACCAR,2.0838820832,3
434,FASM,2.1752640544,3
435,FASM,2.0692228683,3
437,UNIPAR,2.4893191082,3
438,FFCL,2.4806281752,3
439,FAFRAM,2.3346533963,3
440,FADITU,2.176396256,3
441,UNC,2.4526689293,3
446,UNICRUZ,2.5794941673,3
448,UNIRITTER,2.8879302743,3
449,ULBRA,2.8313113958,3
450,UniSL - Ji-Paraná,2.9280583376,3
451,CEULS,2.1928368061,3
452,CEULM/ULBRA,2.6618486025,3
453,CEULP,3.0372861335,4
454,FACCCA,2.3609968941,3
456,UNISANT'ANNA,2.6944962468,3
457,UNIAN - SP,2.2739774647,3
458,UNIB,2.6207155008,3
461,FA-FAAP,2.4447486911,3
466,UAM,3.0529135748,4
472,UNIGRANRIO,3.1603077407,4
473,FCEACDB,2.9087847088,3
474,FFCLDB,2.2739256914,3
475,FMP,2.1863729089,3
480,UNIFESO,2.5620141632,3
481,Univeritas UNG,2.5937146743,3
482,UNESC,2.746562196,3
483,UNIMESP,2.06844002,3
489,UNIFOA,3.298272593,4
490,CESVA,3.6060957011,4
491,FECLE,2.4506889949,3
493,FACEG,1.774718255,2
494,UNISUL,2.8689635149,3
495,FESB,1.939173851,2
496,UNIFRAN,2.8857937937,3
501,EMESCAM,2.6604099671,3
502,CSJT,3.2252422224,4
506,FMC,2.4391620409,3
507,FTM,2.5243339375,3
508,FACESM,2.302828163,3
510,,2.5623434132,3
513,UNIVALE,2.1514675493,3
514,UBM,2.1432416689,3
515,UNIAN-RJ,2.2097409409,3
516,UNIRJ,1.7514638881,2
517,FESL,2.4570581488,3
518,UDF,3.1554475453,4
519,UCSAL,2.4721279217,3
521,UMC,2.7233210125,3
522,UCL,2.4970027649,3
526,,2.9852648743,4
527,PUC GOIÁS,2.7191438319,3
528,PUC-RIO,3.844542617,4
530,FAMES,1.74427537,2
532,UNIJUI,3.1894751084,4
533,FII,2.2228295162,3
534,EBMSP,3.1758879482,4
535,FAFIMAN,2.0898036237,3
544,FACHI,2.230263051,3
545,FACCI,2.3142787468,3
546,PUCSP,3.7260613414,4
547,UERJ,3.7133354228,4
548,UFMA,3.2347279416,4
549,UFAC,2.8568663339,3
550,UEPB,2.9092799887,3
554,FAFIBE,2.9055898213,3
555,UNIFOR,3.2041308624,4
568,UEMA,2.4736831194,3
569,UFPA,3.3902933987,4
570,UFRN,3.7227877528,4
571,UFPR,3.9978071278,5
572,UFF,3.6128858131,4
573,UFES,3.5764904852,4
574,UFRRJ,3.5069464588,4
575,UFMG,4.3024841214,5
576,UFJF,3.7081370179,4
577,UFAL,3.0517288934,4
578,UFBA,3.8462476823,4
579,UFPB,3.5730054063,4
580,UFPE,3.8317641736,4
581,UFRGS,4.3004898611,5
582,UFSM,3.9068192705,4
583,UFC,3.8832350127,4
584,UFG,3.6111128439,4
585,UFSC,4.1406513497,5
586,UFRJ,4.0810735449,5
587,UFRPE,3.5064725558,4
588,UTFPR,3.4919578693,4
589,UFERSA,3.307692363,4
590,UFRA,3.1026419444,4
591,UNIFESP,4.1653534592,5
592,UFLA,4.0507926402,5
593,CEFET/RJ,3.5124515727,4
594,CEFET/MG,3.5085120418,4
595,UNIFAL-MG,3.4909743059,4
596,UFVJM,3.3730487879,4
597,UFTM,3.5492606455,4
598,UNIFEI,3.5125071916,4
599,IFBA,3.0653601299,4
600,IFMA,2.3395422245,3
601,IFRS,3.2660439251,4
602,ITA,4.3566093293,5
605,USCS,2.4725901712,3
606,FDCI,2.589859652,3
607,FACCACI,2.303491519,3
608,ESEFIC,1.7849065265,2
609,UNIOESTE,3.6024231735,4
610,UNIVERITAS,2.7022620466,3
621,CESMAC,2.5843340315,3
622,FAU,1.8398455998,2
625,FACECAP,2.5667637143,3
626,UNICNEC,2.8475842187,3
627,,2.8479316668,3
631,,3.0560830329,4
633,IME,4.4591255146,5
634,UFPEL,3.6204712851,4
636,ESPM,3.0619972765,4
637,FESP,2.6479410919,3
638,FDMC,2.8160755986,3
640,FAMATH,1.9652774258,3
641,UNILASALLE,3.3754136997,4
645,Católica em Jaraguá,2.7984337817,3
648,FAZU,2.4417910537,3
649,UNIUV,2.4249676295,3
651,FAGV,,SC
652,FASC,2.3598414789,3
657,FAFOPST,2.4193791019,3
661,FPD,2.5221754893,3
663,UNIVERSO,2.4600446276,3
664,UVV,3.4925531847,4
665,UNITAU,2.5363853761,3
666,UEFS,3.008551803,4
667,FIJ,1.5966248474,2
668,CIESA,2.4491794103,3
669,UNINILTONLINS,2.181583103,3
670,USF,2.8218559283,3
671,UNIDERP,2.2370896709,3
672,UniFACENS,3.3026470324,4
673,UNIGRAN,3.1275997016,4
674,CESVASF,2.5109878033,3
677,FRASCE,2.5797495484,3
682,FINOM,2.9882502826,4
685,FBJ,2.0104919929,3
686,FACAL,1.8799879945,2
688,UESB,3.196502199,4
692,FACAPE,2.2979515258,3
693,UNIRIO,3.5539839394,4
694,UFMS,3.2928115794,4
699,UNIR,2.849209604,3
701,FAGA,2.0777054438,3
702,FADIMAB,2.0533981273,3
703,FAFOPA,1.2007025892,2
704,FACIAGRA,1.9744846798,3
705,UNISJ,3.0277569011,4
707,UNICEP,2.7633093611,3
708,UNEB,,SC
712,,2.9526247708,4
715,,3.2139190206,4
716,,2.9075693996,3
717,UFCSPA,4.0275665965,5
718,UNP,2.7583190856,3
719,UNEMAT,2.7407030393,3
720,FACHUCA,1.7851502677,2
722,EEFA,1.881358757,2
724,UNIFACEX,2.7251938547,3
727,FASF,2.2467280089,3
728,FACIC,2.4457460103,3
730,UEPG,3.3937099485,4
734,FIMI,2.8915034955,3
736,,2.4152280896,3
737,SAO CAMILO,3.2304817148,4
738,FATEA,2.4073577705,3
739,SÃO CAMILO-ES,2.6663889691,3
744,FA,2.5122380049,3
745,IMESSM,1.9733633076,3
746,URCA,2.4766652237,3
749,CESVALE,3.4317859461,4
750,UnirG,1.8175762345,2
752,FAPAM,3.0515166628,4
753,FACHUSC,1.994870233,3
754,CESUC,2.4480593259,3
755,CESUT,2.003617046,3
756,UESPI,2.6800959896,3
757,Unama,2.7411776474,3
760,FCHPE,2.0712215438,3
761,FACSPEI,1.934442554,2
763,IUESO,2.2294985256,3
764,FAPG,1.791260553,2
778,ETEP,2.2011550439,3
779,FAP,2.0647272642,3
780,UNIC/UNIME,2.5094677285,3
781,,2.104216666,3
785,,2.066125267,3
788,FARO,2.6546428057,3
789,UFRR,3.0276730733,4
790,FICSAE,3.8290014884,4
792,CESUPA,3.3447994593,4
793,ESTÁCIO SÃO PAULO,2.5647444447,3
794,UNIVAG,3.3792632282,4
795,FID,1.9080681546,2
796,EDUVALE,2.9179619123,3
797,AVEC,2.0400775272,3
798,FAACZ,2.7398547485,3
801,FAM,1.5114563177,2
802,UNICARIOCA,3.6082634371,4
803,FIA,2.0746934728,3
809,FADILESTE,1.868235593,2
810,CTESOP,2.4096356297,3
823,UNICEUMA,2.8792531106,3
824,UNICERRADO,2.5649849081,3
825,FAGAMMON,2.5463771354,3
826,UNIDESC,2.5829510797,3
828,FASAMA,2.5881071131,3
829,UNITINS,2.5161900507,3
830,UNIFAP,2.6226728158,3
831,FCHVRG,1.896946952,2
832,FAC,1.8934365221,2
838,FCTFOR,1.830527268,2
840,FAVI,2.803148073,3
843,FATEB,1.9749979053,3
845,FAC-FEA,3.0331138736,4
846,FAT,1.969643787,3
847,FPPD,2.116519532,3
849,FAJE,4.3290108705,5
852,FIAP,3.4021375318,4
861,CEAP,2.2810154834,3
862,FESCG,2.4293535153,3
873,UNIFOZ,1.9278248924,2
877,FEPI,1.815315715,2
878,UNILESTEMG,3.247244388,4
882,IMESB,2.6195953582,3
886,FACH,2.1507864371,3
890,EG,3.672270756,4
891,,2.4548335849,3
898,UNISANTARITA,2.1986197977,3
900,FATEC,2.105794019,3
905,FACEPD,3.9575350325,5
908,FAA,1.998006712,3
909,,2.3776145309,3
910,FCACSL,2.7634307734,3
913,FIPAR,2.390717619,3
915,FAFS,1.6762142679,2
916,ESTÁCIO TERESINA,2.381179401,3
918,,3.2012057703,4
922,FCGD,3.0289697653,4
923,FACCSR,3.0217655314,4
926,,2.2102530752,3
939,CATÓLICA DE ANÁPOLIS,2.1556355666,3
940,FAMAG,2.2401183743,3
944,ESPM,3.0970903234,4
945,,2.7381365011,3
952,UNISANTA,3.1103525348,4
953,UNIMES,2.1745368466,3
967,FATEC/TQ,2.4242011392,3
976,FIP,2.8200775077,3
985,FER,2.4056425382,3
989,ESMA,2.0459779512,3
991,SENAI-CETIQT,2.4691065216,3
994,FDC,2.0549625781,3
997,,2.9802011538,4
1012,FASP,2.5085228958,3
1014,BOM JESUS/IELUSC,2.6116823235,3
1019,FACTU,2.1393426484,3
1021,FACET,2.1483475782,3
1027,UENF,3.9661734721,5
1028,UEMS,2.7627844899,3
1030,IBMEC,3.0476376701,4
1032,UNISAL,2.5651701406,3
1034,UNESF,,SC
1036,UEMG,2.2608804657,3
1038,AEMS,2.8386983112,3
1041,UNIVATES,3.6176592012,4
1042,UP,3.2249106827,4
1043,FHO,2.9206286035,3
1045,UNIFIAN,2.3351410536,3
1046,UNILAGO,2.9164837461,3
1048,FCE,3.3207708747,4
1049,CESF,2.5281034122,3
1051,SEUNE,2.0199050089,3
1053,,3.2321166419,4
1055,Uninassau Salvador,2.5905454953,3
1058,Estácio FIB,2.4171963488,3
1059,FLF,2.2104709568,3
1060,IESB,3.4250169859,4
1063,DOCTUM,3.218882624,4
1064,DOCTUM,3.2569235092,4
1066,IEPO,2.1492755962,3
1067,FAJ,2.4611279486,3
1068,FAMA,3.1525104549,4
1070,,2.5569830624,3
1071,IESF,2.640615243,3
1072,FAFI,,SC
1075,IESP,2.605634788,3
1076,FAFIC,2.2933678024,3
1077,,2.5150121856,3
1078,,2.7551353258,3
1079,CESPAR,2.3498742228,3
1080,FASE,3.5035191014,4
1081,FER,2.3242576086,3
1082,IFRN,2.997071468,4
1084,FACEBG,2.9840619694,4
1085,FMC,2.2129491334,3
1086,FAEC,2.158203403,3
1087,FIMCA,2.443827842,3
1090,FSLF,3.0492158751,4
1092,FIB,3.008820739,4
1096,FAPE,2.0458760993,3
1100,UniDrummond,2.2762377182,3
1107,Estácio FIC,2.6113189686,3
1113,UNIEURO,3.1165666415,4
1115,CEST,2.8822527458,3
1118,,2.3537519528,3
1120,IF Fluminense,2.9234119511,3
1122,,2.8077859182,3
1123,IESUS,1.683040654,2
1124,DP II Barreiras,3.2536172108,4
1125,FIES,2.5359468819,3
1126,UNICENTRO,3.6476147444,4
1128,UI,2.5395499137,3
1129,UNORP,2.4604964556,3
1131,UNIFSA,2.7313978273,3
1136,FACIG,2.1350313494,3
1139,FEAD - MG,2.2331641165,3
1141,,2.5891644972,3
1142,FDV,4.1690710132,5
1143,FACET,2.348201155,3
1149,CEUNSP,3.3233815518,4
1151,FANESE,3.0776468035,4
1153,UCAM,2.2427508043,3
1155,FSST,1.7731872851,2
1156,,2.6075830518,3
1157,ESFA,2.0738744467,3
1159,CESV,1.915527924,2
1160,CAMBURY,2.5975539985,3
1161,INSPER,3.8866741124,4
1166,IFPB,2.9407793874,3
1170,FAMEC,2.7885596189,3
1173,,2.417540742,3
1174,SOECS,2.4367782026,3
1175,ESTÁCIO FARGS,2.3922530899,3
1182,IESA,2.9927803788,4
1185,UNIJORGE,2.9347785782,3
1187,MÓDULO,2.8885762919,3
1189,UNIPLAC,2.5881907546,3
1190,F.I.C.,2.3274491082,3
1191,IESF,1.8379397777,2
1196,UNICESUMAR,2.989427906,4
1198,FACET,2.0983754018,3
1201,FAMC,2.0213094115,3
1202,FASAR,2.509597986,3
1205,FAEL,2.3459898253,3
1208,,2.3828903286,3
1213,SEF,1.7732453096,2
1219,IIES,1.9831822763,3
1221,,1.9879444329,3
1224,UNIJALES,2.241886048,3
1225,UNIFIA,2.8979381287,3
1226,IESACRE,2.9851921,4
1227,FASB,2.6120575889,3
1230,UNIPINHAL,2.3063471059,3
1231,,2.5546675548,3
1232,UNIANDRADE,2.9174009359,3
1233,,2.5166796325,3
1237,FANAP,2.8972782184,3
1239,PADRAO,2.488305893,3
1240,PIO XII,2.7381889363,3
1243,DOCTUM,2.9708521139,4
1244,MULTIVIX VITÓRIA,3.6180299807,4
1245,Multivix Castelo,3.9699567296,5
1247,FACINAN,1.9642050465,3
1249,FECRA,2.0186539153,3
1252,PROMOVE,3.3832816562,4
1253,FMG,2.545319149,3
1254,FAI,2.245880767,3
1255,UniFBV Wyden,2.9983771422,4
1256,DOM BOSCO,3.0434472983,4
1257,FACEL,1.6771361088,2
1258,,2.2991544629,3
1263,FABA,1.6766259835,2
1264,UNI-RN,3.6549730932,4
1266,FIU,2.1371373195,3
1267,IESGF,2.5446031298,3
1270,ESTÁCIO RIBEIRÃO PRE,2.6422951966,3
1273,UNIFACCAMP,2.2759343428,3
1275,FAGU,2.0043287807,3
1276,I.T.E.S.,2.7113935957,3
1279,FACITA,2.3777218158,3
1280,Estácio FAAC,1.9523544867,3
1281,FAIT,2.8398385879,3
1290,FAATESP,1.605653677,2
1291,,2.5907547202,3
1292,FAI,2.2292931848,3
1294,CAM,2.5690714359,3
1295,,2.0523695927,3
1296,ESM,1.4532222615,2
1298,ESTÁCIO FAL,2.4446075141,3
1299,FIFE,2.7613608391,3
1300,ITES,2.3442805855,3
1301,IMMES,2.7962086254,3
1302,FBB,2.7791431056,3
1303,IF Goiano,3.2259374537,4
1304,,2.6392372796,3
1305,,2.3200254098,3
1307,FAEF,2.8761667741,3
1308,FNM,2.1357087475,3
1309,FAPRO,2.9502444441,4
1310,FAM,2.4342801801,3
1311,TREVISAN,3.792955053,4
1312,FAIR,2.7657703911,3
1313,UNISUZ,2.5241582149,3
1317,UniFSP,3.3934256403,4
1318,,2.3915337794,3
1319,FATEC,3.1210404239,4
1322,EDUVALE,2.6365520981,3
1325,FAP,2.3361538747,3
1326,MULTIVIX SERRA,3.5699518847,4
1327,ESPM - POA,3.2629858429,4
1328,FACOTTUR,2.0217060898,3
1330,COTEMIG,2.7909608458,3
1334,UNIFACISA,3.1302903912,4
1336,FAG,2.7514983823,3
1337,FMD,2.538051775,3
1344,FBM,2.3617197129,3
1345,,1.9937472657,3
1346,FBMG,2.2421313344,3
1350,FVJ,2.3553839241,3
1351,,3.33849939,4
1355,FIJ,2.6161119944,3
1356,UNIFUNEC,2.7554524978,3
1357,ISERJ,2.782081888,3
1359,MULTIVIX NOVA VENÉCI,3.5644854376,4
1362,,2.7172548605,3
1363,FAVIC,2.4960531318,3
1364,,3.2264149926,4
1365,UNASP,2.8568311971,3
1371,FAM,2.415188567,3
1373,FACAB,3.3590115162,4
1374,FCSGN,2.7253834146,3
1375,FCARP,2.0418534539,3
1379,FAESA,3.2813548316,4
1381,FMF Wyden,2.7503616996,3
1382,EST,4.1989979824,5
1383,FAJOLCA,1.9352946921,2
1384,FSH,3.0238106652,4
1385,FIPEP,1.624846625,2
1386,ESAMC,2.2006981482,3
1387,FAPEN,2.5965734867,3
1388,ISES,3.0733150597,4
1394,FCA,2.1405516445,3
1395,UNICALDAS,1.5972550133,2
1396,UDC,2.7383918042,3
1400,FAIND/SJP,2.7660068057,3
1401,FAR,2.3111343117,3
1402,ICSH,1.325388996,2
1403,FAP,3.0699305015,4
1404,FAP,2.0255537306,3
1409,UCL,2.8698255591,3
1410,Área1 Wyden,2.6482168733,3
1411,F2J,2.0873209012,3
1412,,2.0257094519,3
1413,CESPRI,2.133919296,3
1414,UniSL,3.4979636595,4
1417,,2.7754042143,3
1418,UNITOLEDO,3.2629751671,4
1419,UNICURITIBA,3.0703800968,4
1420,,2.6262712843,3
1422,UNINORTE,2.6032248984,3
1423,Faci Wyden,2.9242186113,3
1426,ILES,2.2078912703,3
1427,FSG,3.0912795273,4
1428,IESPLAN,2.0289590433,3
1429,FABAT,2.3993053518,3
1430,,3.0449694126,4
1432,FABE,1.4823164123,2
1433,FACOL,1.8036302021,2
1434,UNIESI,2.5584627661,3
1436,ESBAM,2.3482254242,3
1437,ESRC,2.6403803215,3
1438,FACAMP,2.8794077095,3
1439,FACAMP,2.5757842997,3
1440,IAESUP,3.1059102195,4
1441,FATEPI,2.1724169884,3
1442,,1.85098985,2
1443,,1.140007899,2
1444,FIEL,2.5760943135,3
1445,CEUN-IMT,3.0644439793,4
1446,UNIPLAN,1.9487249252,3
1449,FEATI,2.9207810647,3
1450,UNICERP,2.6970602748,3
1452,,2.2811522325,3
1454,FASNE,1.8693680607,2
1455,FSSS,2.2998726686,3
1456,FASERT,2.9443058545,3
1457,ESTÁCIO EUROPAN,2.0077657012,3
1459,FUCAMP,2.5626557573,3
1461,,3.0891812163,4
1462,INPER,1.930820889,2
1463,FCGB,2.0075421114,3
1465,AFARP,2.1495178934,3
1468,ESAMC,2.3116512636,3
1469,,3.0019674294,4
1472,UNIASSELVI,2.8288197875,3
1476,,1.7402878038,2
1477,MICHELANGELO,1.8022289526,2
1478,,1.97716933,3
1484,IBMEC,3.3745054768,4
1486,FESV,2.842669882,3
1487,UNIDOM - BOSCO,2.6251466717,3
1488,FAP,2.1193190867,3
1490,UniFAJ,2.7780960889,3
1491,UNINTER,3.0156379796,4
1492,PIT UBERLÂNDIA,2.3909390845,3
1493,UNIALFA,2.2303936021,3
1494,,2.7799817226,3
1496,FESVV,2.7347483596,3
1497,FASC,1.9145546308,2
1498,FAVI,2.4007407573,3
1499,FATS,2.5932170042,3
1500,FAESI,2.5102804599,3
1501,FLATED,,SC
1502,,2.0954225171,3
1503,FALEC,2.062550932,3
1504,UNINASSAU MACEIÓ,2.5248893478,3
1506,,3.0064200971,4
1507,FAPRO,3.0934379691,4
1508,UNIFAMMA,2.4213344068,3
1509,ESTÁCIO BH,2.5879233701,3
1510,,2.4230440264,3
1513,PITÁGORAS ICF,2.2359457745,3
1514,F.V.C.,2.6204468448,3
1515,UNIRON,2.7381676351,3
1518,,2.2997451172,3
1519,FADEP,2.7560557216,3
1520,FFIA,3.7509076534,4
1521,ESTÁCIO BELÉM,2.5073954343,3
1523,CESUL,3.174186675,4
1530,,2.7545320071,3
1532,,2.0635000767,3
1535,FAPI,2.2008980814,3
1536,FATEB,1.9836685788,3
1538,UNIPROJEÇÃO,3.1469460825,4
1540,IESUR,2.7718943775,3
1541,,1.8919808862,2
1542,UGB,2.6198035903,3
1545,FIB,2.6627703837,3
1546,FAESF,2.3438825727,3
1547,ESTÁCIO FMJ,2.6013119032,3
1552,,2.8880387955,3
1554,UNIVR,2.6336625296,3
1556,UNI7,3.0507691791,4
1557,FUMEC,2.8949640291,3
1558,DOCTUM,2.9238657386,3
1559,UNESC,3.3940575876,4
1561,ESAMC,2.4058537775,3
1562,FAISA,2.6709480269,3
1563,UNINOVAFAPI,3.0739402376,4
1564,FASF,2.5580355378,3
1565,FCJ,2.394627933,3
1568,DOCTUM,2.9485561959,4
1569,FIAR,2.943749849,3
1571,FCS,2.4633250718,3
1572,FACISA,3.6568127352,4
1573,FAN,2.8223902243,3
1574,UDC Medianeira,2.9539618689,4
1575,UNIARAXÁ,3.2248289198,4
1576,FASERRA,1.59726795,2
1577,FACINOR,1.9885834529,3
1578,IFSul,3.2737829286,4
1580,FACESA,3.0477772456,4
1581,FACSAL,1.041365993,2
1583,FATEC-ID,2.5347513659,3
1584,FATEC GT,2.5631873798,3
1585,FEAN,2.5487980457,3
1586,UNIVÁS,2.6739047096,3
1587,FITS,2.2439170555,3
1590,ESTÁCIO SÃO LUÍS,2.4384595806,3
1591,ESTÁCIO MACAPÁ,2.4045215351,3
1592,FOM,0.935791303,1
1596,UNIVES,1.529468675,2
1598,UNA,3.2492459943,4
1599,UNIPTAN,3.0282327677,4
1600,ICS,2.7803490616,3
1601,FCC,1.8485108678,2
1606,FIC,1.9941486017,3
1607,FALSM,1.989660336,3
1609,FCP,0.882854679,1
1610,FAETE,1.496108468,2
1611,FATI,2.4393337145,3
1612,FAG TOLEDO,3.0485657326,4
1613,IAP,2.7187980373,3
1614,FAAST,1.907792571,2
1615,ISULPAR,2.0284758268,3
1618,,3.9226988251,4
1619,,2.0470020103,3
1620,FASAR,2.0058590314,3
1621,NWK,2.3439741731,3
1622,FIP,1.172451131,2
1623,FCAA,2.0289723869,3
1624,FMR,2.6647521554,3
1628,FACHA,,SC
1632,,2.5148209845,3
1637,FAMA,2.3307439169,3
1638,IAES,2.1565543448,3
1639,FHR,1.7605542668,2
1640,,3.3594212442,4
1641,FSBA,2.778442437,3
1642,FTC,2.7416706402,3
1643,FAT,3.4825419983,4
1644,FEC,2.6628103108,3
1645,FTC,3.088615991,4
1646,FECIPAR,1.4143224538,2
1647,FAECE,2.2617215865,3
1653,FACEC,1.478825901,2
1655,FCSL,2.775896415,3
1656,IEST,2.0359301311,3
1657,,2.4644516459,3
1658,UNIGRANDE,3.0792893338,4
1659,FAESO,2.5312417536,3
1660,ESTÁCIO BRASÍLIA,2.3625824223,3
1661,FAPRO,2.9523375863,4
1663,FARA,2.836592702,3
1664,FASEH,2.724441684,3
1666,,2.5811076792,3
1668,,2.345104685,3
1669,IMES,2.8437735808,3
1670,IECEMB - FAB,2.5246213891,3
1672,IESPES,2.7610867706,3
1675,UNESJ,2.0915556524,3
1676,UNISÃOMIGUEL,2.6088605271,3
1677,FAESPI,2.5778234257,3
1678,FACIBRA,2.535650135,3
1679,FACSUL,2.3221608489,3
1680,,2.083323809,3
1682,FSMA,2.3189397232,3
1683,,2.9345057763,3
1686,,1.5328256,2
1689,FIESI,2.045326818,3
1690,FSV,2.0996172636,3
1692,ESPF,2.7096064713,3
1693,FAITA,2.1475888812,3
1694,ESUCRI,2.2311721906,3
1696,FACEC,2.0006040977,3
1697,UNIFACOL,2.5548020641,3
1699,UNICENTRO,2.8555516529,3
1700,FSLMG,3.3047014992,4
1701,FAMA,2.6512492363,3
1702,ESTÁCIO AMAZÔNIA,2.5771288331,3
1703,IESRIVER,2.6414410072,3
1708,IPESU,1.9802959043,3
1709,UNIT PE,3.0116993252,4
1710,,2.160218627,3
1711,FAPEPE,2.1578268326,3
1712,FACET,2.5977407943,3
1713,FATEF,2.3916752764,3
1714,ESIC,1.8721447258,2
1716,UNIAMÉRICA,3.0224632355,4
1717,Facimp Wyden,2.3890314966,3
1718,FAN,3.5008694012,4
1720,FAMIG,1.7860761771,2
1721,FDV,2.9163094529,3
1722,FIP,2.4018579621,3
1723,,3.3197701891,4
1724,FAG,2.100829249,3
1725,FAQ,2.6046985898,3
1726,SECAL,2.6196938319,3
1727,FAC DE CARIACICA,1.989943322,3
1728,UNIRON,2.462717381,3
1731,,2.4126514889,3
1732,FGP,2.4245361422,3
1733,ISEPE  RONDON,2.7524127872,3
1734,Facid Wyden,2.8978112164,3
1735,UNILEÃO,3.3296269327,4
1736,UNILASALLE/RJ,2.87258061,3
1738,FSL,3.0273733496,4
1742,CSET DRUMMOND,2.715556582,3
1743,FATEC OSWALDO CRUZ,3.5806975764,4
1749,FALUB,2.2507232396,3
1752,FADISP,3.3301932454,4
1753,FACENE,3.0466548092,4
1756,FAB,1.06065822,2
1758,FAINOR,2.2190375141,3
1759,FACULDADE BAGOZZI,2.4939874891,3
1762,,2.3084798502,3
1765,FJB,3.544294311,4
1766,UNICAPE,3.5920209593,4
1767,,2.3146069567,3
1772,UniFanor Wyden,2.644348059,3
1773,,2.6793124196,3
1774,,2.4148190986,3
1775,UniFavip Wyden,2.8538264508,3
1776,,2.1440125877,3
1777,UNIVINCI,2.9324378486,3
1779,AIEC / FAAB,2.0639093605,3
1780,FAHOR,2.5210637412,3
1781,INTESP,1.706755112,2
1783,FACISA - CELER,2.0142619829,3
1785,FACIDER,2.557914433,3
1786,IMES,2.4640741275,3
1788,FAAL,2.0067360317,3
1789,ICES,2.2847769138,3
1790,FASB,1.9587974923,3
1797,,2.5077527028,3
1798,FACED,1.504620233,2
1800,CESREAL,2.0597787367,3
1801,DOM BOSCO UBIRATÃ,1.918088712,2
1804,FAMA,2.3154253695,3
1805,UNIFG,2.6457729572,3
1806,FAFE,2.1778947674,3
1807,IFCE,2.8450153054,3
1808,IFES,3.0426803368,4
1809,IFPE,2.6618051332,3
1810,IFSP,3.0891834157,4
1811,IFG,2.8901193893,3
1812,IFAM,2.8376790127,3
1813,IFPA,2.8630392748,3
1815,FIBRA,2.4187745976,3
1816,IESB,2.2532111389,3
1817,ESTÁCIO CURITIBA,2.6062840253,3
1818,FPAS,2.5500074051,3
1819,,3.1208527886,4
1820,IFPI,2.4967163273,3
1821,FAC-LIONS,2.2301684303,3
1822,FASAM,2.7208439505,3
1823,IESAP,2.0502447439,3
1825,FEAD,2.7472011486,3
1827,FLT,3.238885356,4
1828,ESCOLA DA CIDADE,2.4698412409,3
1830,,2.382010328,3
1831,FAIB,2.1118530812,3
1834,FAAG,2.7468872507,3
1835,,1.7703455838,2
1836,UNIFEOB,3.0655540472,4
1838,FRB,2.6826128525,3
1840,FCB,2.6199255403,3
1841,TOLEDO PRUDENTE,3.2844838767,4
1842,FEMA,2.6074913153,3
1843,FACAMP,2.0591846969,3
1844,FISMA,2.04134364,3
1846,UNILINS,2.5477179864,3
1847,,2.8156223624,3
1850,SMG,2.978236104,4
1851,EBAPE,4.4199728714,5
1852,SABERES,2.6843237018,3
1853,,1.598282528,2
1854,,2.5453634851,3
1856,FACNOPAR,2.3074222327,3
1857,DEHONIANA,2.7125574359,3
1858,FAJ,2.629191438,3
1860,FAJANSSEN,2.3703063355,3
1862,FARESE,2.5882102419,3
1863,INTERVALE,1.28210826,2
1864,FABE,3.2092934608,4
1865,FALP,,SC
1866,FACEN,2.021085988,3
1867,FACIG,2.0973649308,3
1869,FEPI,3.2976541468,4
1870,FIRA,1.8196704575,2
1872,FARESC,2.5572655533,3
1873,FAMERC,2.756569245,3
1874,FATEC,2.6760566177,3
1875,FAIBI,2.3641570522,3
1876,FMPFM,1.8018116975,2
1878,FEI,3.4148144803,4
1879,,2.8224466493,3
1880,FACE,1.9677189097,3
1881,FAESC,2.6495828083,3
1883,,2.8538798863,3
1884,,1.8446187335,2
1885,UNDB,3.5978787442,4
1886,FMA,2.067426612,3
1892,ENIAC,2.6467675608,3
1893,,3.4163885643,4
1894,FEPAM,2.64305536,3
1895,UNICHRISTUS,3.6563342864,4
1898,FALS,3.1161117801,4
1900,UniFaesp,2.9133736182,3
1903,FACCREI,2.367279255,3
1904,FASC,2.0569312806,3
1906,IES-MATERDEI,2.8164888463,3
1907,FAEC,2.0442812285,3
1908,FABRA,2.7180941121,3
1909,,2.579185652,3
1910,,2.7806812719,3
1913,UNIFAMINAS,3.0063147102,4
1917,FACIMED,2.2772849666,3
1918,FUCAP,2.5144770038,3
1919,FACET,1.871792154,2
1921,FSB,3.1529265241,4
1923,FAJANSSEN,2.961138171,4
1926,UNIPACAT,3.201634701,4
1927,UNIGUAÇU,3.0544914151,4
1928,,2.5057206469,3
1930,SINGULARIDADES/ISESP,3.2572008191,4
1931,IESF,2.7265803646,3
1932,FAPAS,2.4513907131,3
1933,FABI,1.7746887571,2
1934,FASIP,2.3887148208,3
1936,,2.2882695757,3
1938,,2.179957951,3
1939,INESUL,1.8930581087,2
1940,FANS,3.1034285115,4
1941,FAUC,2.6489549182,3
1944,IBRATEC,1.7996977073,2
1945,,2.304516698,3
1946,FALEG,2.473103844,3
1948,FESP,1.9897988,3
1949,UNIFACP,1.9901685093,3
1950,FAO,2.424897299,3
1952,,3.3719211686,4
1956,IBESA,2.8012670243,3
1957,SENAI DE JOINVILLE,1.6573024091,2
1958,CET BLUMENAU,2.1104407285,3
1961,ITCSAS/CENSA,2.7135457362,3
1962,ISECENSA,3.737670869,4
1964,HOTEC,2.1353886308,3
1965,FAT/AL,2.3283861645,3
1967,FAI,2.2095915258,3
1970,UNES,4.1287647833,5
1972,,2.440382188,3
1973,ISEOL,1.961226156,3
1977,CESA,2.232649256,3
1978, Unifametro,3.5309163059,4
1980,SINERGIA,2.8251239323,3
1984,,2.942390118,3
1986,,2.6455739677,3
1988,UNIAVAN,3.0642544856,4
1995,FAMENE,3.4219833459,4
1996,ICEC,1.8546000447,2
1998,ISEED,1.4141084838,2
2001,SALT,2.564683712,3
2005,FACISAS,2.5335786169,3
2009,FTGA,2.0254713099,3
2012,ISEP,1.7069669622,2
2015,ISTA,3.129881866,4
2021,,2.2001700701,3
2022,FAROL,2.3982055202,3
2023,UNIFG,2.6892463134,3
2027,FAC-CG,2.0998950525,3
2030,ISECAMP,2.4861239124,3
2033,ISEF,1.395027978,2
2035,ULT,2.1453442693,3
2036,ESTÁCIO FAP,2.6734328088,3
2037,FCT,2.666401174,3
2039,FACILUZ,2.07858676,3
2040,FAF,2.5964853162,3
2041,SUDAMÉRICA,1.8837365699,2
2042,,2.5410766169,3
2043,FVS,3.4130562763,4
2045,FAMA,2.513968891,3
2049,IESMA,2.1526100905,3
2056,FAP,2.4991103377,3
2058,UNNESA,2.7396877645,3
2067,FACEMP,2.5453422471,3
2072,IEVAL,2.158286849,3
2075,IESA,,SC
2076,UNIRB,2.750171445,3
2079,FAI,2.0598870333,3
2082,FCM-PB,2.7058564095,3
2084,,3.0819503982,4
2085,UNICEUSA,2.3927532122,3
2086,IESFI,2.0400128088,3
2096,FCM,3.0941188012,4
2098,FAEX,1.8666821392,2
2102,FAU,2.262339474,3
2111,UNINTA,2.8240096675,3
2113,FDB,2.8938023315,3
2117,FACITEC,2.1958814815,3
2122,,2.6299547444,3
2123,UniMAX,2.8003816297,3
2124,CALAFIORI,2.7383542082,3
2126,DIREITO RIO,4.0781756525,5
2128,FGV DIREITO SP,4.3502762969,5
2129,EESP,4.7790634184,5
2131,FAPAN,2.405733564,3
2132,,2.8974987729,3
2133,FACETEN,3.1248925243,4
2134,,2.213678724,3
2135,UNICATÓLICA,3.0132283434,4
2140,FNSL,1.790413496,2
2141,FABAPAR,2.7972730009,3
2145,FPTEC,3.4046999079,4
2146,FAC,2.6219319678,3
2147,FAMETRO,3.079835387,4
2148,FAPAL,2.4390931849,3
2149,FACSUL,2.2132945665,3
2150,FAPI,2.0748925737,3
2154,ISAT,2.559494631,3
2156,FACESTA,1.3786660153,2
2157,ISESA,2.5717383952,3
2158,FSM,2.6768839557,3
2160,IESSA,2.4770430121,3
2163,FEG,3.393293777,4
2165,FAFIG,1.718359178,2
2168,FCG,2.5371048036,3
2171,IBHES,2.1715024955,3
2174,FASC,2.2152905561,3
2175,,2.963972613,4
2177,FIPEN,2.4419144624,3
2180,RATIO,1.856513276,2
2183,CUFSA,2.0990002642,3
2184,,2.80171058,3
2186,FSDB,2.2038446532,3
2189,FACAM-MA,2.3779870641,3
2191,,2.469136943,3
2192,ISEI,3.0212291812,4
2194,,2.2392703616,3
2197,FVB,1.706692567,2
2198,FATO,2.1498610665,3
2200,FAVAG,2.38793704,3
2202,ISEPE Guaratuba,3.555337836,4
2205,-,2.7931620752,3
2220,DOCTUM,3.0101384565,4
2222,FASETE,2.8927713749,3
2229,FVH,2.2957323964,3
2233,FACISABH,2.5962897037,3
2237,FATEBE,2.310077204,3
2240,FAFOR,2.2832951008,3
2241,FACSUM,2.2640838512,3
2242,FAREC,2.4060621923,3
2243,FAP,1.5413439322,2
2244,FACIMA,2.1697655585,3
2245,FACES,2.5074568423,3
2246,FAMEC,2.413440317,3
2247,,1.571257557,2
2248,FASER,1.412609796,2
2257,FAD,1.9430288494,2
2264,PIT GUARAPARI,3.638505808,4
2266,CAMBURY,2.6772973986,3
2270,FAEX,2.5031208449,3
2271,FPI,2.6770859788,3
2275,FASA,2.2927632178,3
2279,UniMetrocamp Wyden,2.5925139183,3
2282,FAC,2.640851134,3
2287,ESTEF,2.402166897,3
2288,FAR,2.583144014,3
2289,UCESP,1.6649705546,2
2297,FADISMA,2.147865679,3
2301,FF,1.746162234,2
2311,FKMG,3.04208346,4
2312,FALURB,2.4227429717,3
2320,ISEAT,2.314741425,3
2323,FAMA,1.3442616988,2
2324,,1.8995868491,2
2328,FITB,2.4965855616,3
2330,FCR,2.118640107,3
2332,FACESPI,2.1638920303,3
2334,,2.3134909385,3
2336,,2.6834293004,3
2341,FALC,2.2734488525,3
2343,FAAO,3.1659175428,4
2346,IFIBE,2.974588581,4
2348,IESF,2.9854675065,4
2350,ESMAC,2.5404398132,3
2351,PIO XII - DIR,2.662357928,3
2355,,1.7446305653,2
2356,FPA,1.832259373,2
2365,UNICATÓLICA,2.9549308984,4
2368,,4.1480561277,5
2369,INESA,2.4805167562,3
2380,ESTÁCIO AMAPÁ,2.5000314654,3
2383,IMED,3.1848676961,4
2384,FAIBRA,1.436297117,2
2389,FFTP,2.6557484383,3
2397,FUCAPE,4.3666311162,5
2399,,2.3625375159,3
2402,FTC CENTRO,2.7651361402,3
2408,ESAMC,2.074505315,3
2409,ASCES-UNITA,2.7731087072,3
2410,FAC,2.2005182947,3
2413,FAESF,2.4409062384,3
2420,FAPAR,2.3503516202,3
2423,FACIT,2.227279976,3
2426,FIBRA,2.9359359197,3
2427,UNICENID,2.341908944,3
2428,FACICA,2.7603185858,3
2431,ESTÁCIO IBIÚNA,1.960696129,3
2437,PIT TEIXEIRA,2.3378703004,3
2440,FCJP,2.3416089094,3
2442,PIO XII - BIO,2.2814946996,3
2443,,3.1799561451,4
2444,,2.0302247827,3
2450,PROMOVE,2.8791074659,3
2456,FACHASUL,1.313167649,2
2459,FEAPA,2.6928549501,3
2460,ESTÁCIO DE NATAL,2.4689072647,3
2462,FSL,3.0139189686,4
2465,IBMEC SP,3.065990685,4
2466,FIED,2.6095266037,3
2468,ITF,3.385795039,4
2469,IMMES,1.5019690962,2
2470,ISEC,2.6540480965,3
2474,FAMAM,3.4670625611,4
2475,FDLM,2.912228854,3
2477,FAMA,1.8528873674,2
2478,FISUL,2.5790051557,3
2484,PFD,3.3096208265,4
2485,FCF,2.8339131803,3
2488,FAE,2.4645163534,3
2491,ISCECAP,1.879955695,2
2494,,2.5245822071,3
2497,,2.9655222567,4
2499,,1.6716243576,2
2501,FESGO,2.6450232817,3
2511,FADIG,2.278762339,3
2513,FPL,2.9969975095,4
2521,ISESPI,1.827179498,2
2532,FASUG,2.3364039927,3
2536,FARES,1.7872592844,2
2537,FSG,4.0789118254,5
2538,FAVENI,3.3342713717,4
2548,FATEFIG,2.1292973342,3
2553,FDP II LEM,3.310244188,4
2554,FEST,2.3158512991,3
2556,UNIFIAM-FAAM,2.7262752758,3
2560,FAESF/UNEF,3.2022503952,4
2564,UFCG,3.3356965792,4
2565,UNIABEU,2.2298332628,3
2566,IESO,,SC
2568,FAZAG,2.2387930362,3
2569,CET-FAESA,2.9991137074,4
2571,FACREDENTOR,3.2879023509,4
2572,FAC,1.4439178589,2
2573,FTSA,3.1206345637,4
2576,FIPAG,2.6741295995,3
2579,UniAtenas,3.2375657064,4
2581,FSS,2.1177320627,3
2582,UCP,3.0907750448,4
2591,EBEF,4.8548883097,5
2593,FJN,2.4277999764,3
2613,,2.75642313,3
2616,FASAP,2.6585630752,3
2617,FSB/RJ,3.0513328959,4
2620,FAMPER,1.8945292603,2
2623,FAT,2.002915631,3
2624,FLP,2.0704754054,3
2625,IBTA,2.6150886973,3
2629,AJES,3.4408842562,4
2632,UNESULBAHIA,2.350308325,3
2636,FADIP,3.0649771954,4
2642,FASVIPA,1.7721398809,2
2647,FISMA,2.5904675437,3
2652,FACULDADE UNIDA,3.6080324823,4
2656,,1.977395429,3
2676,,2.4763323522,3
2677,ISESJT,1.749329399,2
2687,FDA,2.7385413288,3
2688,INESP,1.589102847,2
2702,FCJP,2.68442024,3
2703,FSM,2.8000882933,3
2723,UBEC,3.1125578674,4
2724,IESMA,2.1279918377,3
2726,INEA,0.797657022,1
2741,FACDO,2.3824211393,3
2744,ISE VERA CRUZ,3.044582218,4
2745,ESAMAZ,2.5180854486,3
2753,FCG,2.4479616921,3
2754,FSP,2.7162046618,3
2755,FAVIM,2.739459131,3
2756,,2.4854252254,3
2761,UESSBA,2.339311297,3
2763,CESG,3.0140070137,4
2766,FAEM,2.2775019002,3
2770,FACUNICAMPS,3.4990000017,4
2771,CESUPI,2.1023780151,3
2773,,2.6438659604,3
2774,FAFIBE,3.088263404,4
2775,FAUSB,2.0140251243,3
2779,FIOURO,1.7689520402,2
2783,FATENE,2.3471875195,3
2787,FPP,2.9512533777,4
2791,,1.8571597469,2
2793,FACULDADE UBS,2.58563285,3
2794,FAIESP,2.0475884108,3
2796,FAI,2.5322081912,3
2799,FANEESP,2.859877173,3
2805,FACIMOD,2.6611407982,3
2808,ITECNE,1.250931081,2
2811,FAPCOM,3.5620006183,4
2814,,2.702060873,3
2821,,2.991681512,4
2826,FACULDADE FÁTIMA,2.359443795,3
2827,FAEPI,2.5268962894,3
2831,DOM BOSCO GOIOERÊ,1.4673969186,2
2832,ISEPRO,2.130379541,3
2835,UNINASSAU,2.816676617,3
2836,SULDAMÉRICA,2.8691455624,3
2841,FP,1.870877205,2
2843,FCMS/JF,3.5310622193,4
2844,FSDB,1.9970544765,3
2845,FARR,2.1256122882,3
2849,ESDHC,3.2319621014,4
2855,UNIFIN,2.1154801445,3
2859,FABEL,1.855751895,2
2870,FASEC,2.274628792,3
2879,,2.5037036953,3
2886,FAZP,1.1599843558,2
2891,AES,2.5821718259,3
2896,FASATC,2.5341902361,3
2903,FACC,1.9218130929,2
2904,ESAMC BRASÍLIA,1.7328516105,2
2908,FANEC,2.3741005077,3
2909,FACEM,1.776066615,2
2910,FAVENORTE,2.1442288333,3
2911,FAPAN,2.1275778648,3
2915,FPM,2.143763447,3
2917,FABRAN,1.8658060449,2
2918,FESAR,2.3128688997,3
2927,FDR,,SC
2935,FACTHUS,2.4414043652,3
2944,,2.0831132905,3
2949,FAP,2.4540054207,3
2950,FADERGS,2.9755495988,4
2961,FAPAN,3.0477092571,4
2964,,3.0549864807,4
2969,OCIDEMNTE,2.251007871,3
2971,FB,2.5543107733,3
2973,,2.4494298798,3
2974,,2.2336076174,3
3004,IESC,1.3273558277,2
3008,FACULDADE INPG - SJC,1.8954370062,2
3012,FAJOPA,2.9314871157,3
3020,IFASC,2.1843237923,3
3027,,1.805989817,2
3029,FAAM,1.9411580907,2
3034,FACDELTA,2.7962251476,3
3042,CHRISFAPI,2.8411707458,3
3051,FAETEL,2.78520703,3
3099,FPB,2.5485709586,3
3146,FOR,2.6813790774,3
3149,FPD,2.6243591409,3
3151,UNOCHAPECÓ,2.8849711416,3
3155,FATEC,2.687188409,3
3157,ISEAR,2.30913633,3
3159,SENAI -SC - CTAI,2.7046509613,3
3160,IFAL,2.4031530134,3
3161,IF Sertão,2.4922944482,3
3162,IFSC,3.3462083602,4
3163,IFRJ,3.1141089998,4
3164,IFMT,2.4305368576,3
3165,IFTM,2.695885804,3
3170,,2.6404732487,3
3171,,2.5484953951,3
3172,UEA,2.8550051036,3
3180,,2.845926815,3
3182,,2.099550743,3
3183,IFS,2.8495064873,3
3184,IFRR,2.2458887443,3
3186,FAEV,1.462550721,2
3188,IFNMG,2.7326571961,3
3189,IFMG,2.8508436086,3
3193,CESCAGE,2.2144101838,3
3194,FAMINAS-BH,2.7595256754,3
3204,FQM,2.1222934038,3
3205,FAVIÇOSA,3.1165704494,4
3223,ESCS,2.8084950374,3
3230,FILEM,2.195086625,3
3232,FI,1.8947363529,2
3252,FAQUI,2.2573439846,3
3268,FMT,2.2886844435,3
3270,FSBB,2.7900586608,3
3279,IFSEMG,2.8355685876,3
3285,FSA,1.8283163018,2
3294,ENIAC,2.5669530818,3
3295,SENAC FLORIANÓPOLIS,2.5229317375,3
3299,FATI,2.683568778,3
3302,ISEJ,1.55613848,2
3303,INVEST,2.1868978776,3
3304,UNIFIP,2.4756375021,3
3306,FATIPUC,2.232506792,3
3307,CBTA,,SC
3308,FTT,2.9163140009,3
3319,Catalana,2.530067086,3
3323,IESCAMP,2.5430126566,3
3332,FATEC,3.0507479663,4
3333,,3.2120780097,4
3336,UERGS,3.2567472482,4
3337,FACULDADE CET,2.068388967,3
3339,IDEAU,2.9178659121,3
3363,FAG,2.3223511003,3
3365,FASJ,2.8943433828,3
3367,ISEOL,2.097632073,3
3368,UNIS-MG,3.1678227403,4
3371,UNIPAM,3.1497560954,4
3372,UNILAVRAS,2.9551640336,4
3375,IESM,2.5755616803,3
3376,FATIN,2.043354275,3
3377,FAMA,2.5295065589,3
3388,FAP,3.0809071172,4
3389,SER,2.564886839,3
3393,FACDOMBOSCO,1.9706118139,3
3396,FACELS,2.2976770689,3
3397,FBNCTSB,2.7449946777,3
3411,,1.8469275525,2
3427,DP II Sergipe,2.443417452,3
3428,,2.539057147,3
3430,FAESSA,3.2673863724,4
3431,FAS,2.040613498,3
3432,FG,1.8786909059,2
3434,FASI,2.9481335392,4
3436,FARA,2.5933437318,3
3437,,3.2346021362,4
3443,CESUCA,3.8695549251,4
3448,,2.4737801851,3
3456,POLICAMP,2.4552938516,3
3488,CES-CL,2.168547753,3
3495,HORUS,2.4775314663,3
3509,FAVI,3.197002162,4
3513,FAPREV,1.7366795957,2
3514,FACE - ALFOR,1.6846881001,2
3515,FAINTVISA,2.9682362076,4
3516,FAC - SAUDE ARTHE,1.4625221515,2
3518,SOCIESC,3.2076250935,4
3522,FACAPA,3.2538583075,4
3523,,3.7506697637,4
3525,FAECAD,2.28693505,3
3529,UNIVEM,3.0115772223,4
3533,FACERES,3.3792480916,4
3536,FATEV,2.468778269,3
3541,FAT,3.0400880629,4
3543,FACULDADE IENH,3.3113968103,4
3573,FTBB,2.305707464,3
3584,ISED,1.876192812,2
3585,FACRUZ,1.660737207,2
3587,FADISI,2.8374712118,3
3588,,2.3843841383,3
3590,FESVIP,2.2222386799,3
3602,UNIBRASIL,3.0871982663,4
3603,,2.3653628535,3
3607,ESUP,1.5217209353,2
3609,FACIIP,1.440200427,2
3610,Unicesp,3.5149141435,4
3612,,1.7340085092,2
3613,IESGO,2.7056734882,3
3614,,4.7890596363,5
3615,FPS,2.8680123526,3
3617,FACESF,2.223812194,3
3618,FMS,2.1800177511,3
3625,FACESA,1.505885991,2
3631,FADIC,2.6741428263,3
3641,UNIFEB,2.881942852,3
3644,FCST,2.1250119974,3
3648,,2.5215544521,3
3649,FCV,2.8882389337,3
3657,,2.2766147715,3
3663,FE,2.1169736,3
3669,FARRP,2.2153811068,3
3675,SINAL,1.245065075,2
3680,FACPED Fortaleza,3.010495856,4
3682,ISEMI,2.702259969,3
3684,FESC,2.82492541,3
3688,,2.6166769826,3
3690,FAPE2,2.3286157074,3
3692,FATEC CAMPINAS,1.5953957051,2
3710,ESNS,3.376163788,4
3716,FCV,2.4217019618,3
3724,FSJ,2.4918717452,3
3741,,2.2278039541,3
3743,,2.1061320042,3
3746,FAPPES,2.6377221519,3
3753,DOMPEDRO,1.1109380039,2
3754,FADMINAS,2.3650319623,3
3756,,2.0397824057,3
3757,FASEM,2.4284766726,3
3758,,3.6295690464,4
3768,,2.0868371354,3
3769,FAMAT,1.5440860546,2
3770,FTBSP,3.188523755,4
3776,IESMT,1.4551893676,2
3777,FAC,2.2532750747,3
3778,FACAR,2.1043420555,3
3779,ESTÁCIO SANTO ANDRÉ,2.4541287508,3
3782,FACI,1.697056632,2
3783,FAPEN,2.2595832684,3
3784,IESRN,1.8009718485,2
3785,IMEC,1.7329195128,2
3786,FACEMG,2.7115580996,3
3788,FJF,2.740926089,3
3789,,3.0335494537,4
3793,FAF,2.2823452911,3
3797,FAG,2.9895480927,4
3804,SENAC/RS,2.9512303793,4
3805,FATECPB,2.5887460206,3
3815,,1.7672794114,2
3817,,2.714117348,3
3823,,2.804371628,3
3826,,1.411072154,2
3838,,2.2304999604,3
3839,IPEMED,2.6482596297,3
3840,UNIFACVEST,3.6074187411,4
3847,,2.421762851,3
3849,UFT,3.0178900854,4
3853,,2.6402205419,3
3854,IDEAL,2.4546804372,3
3862,FLF,2.8968069413,3
3864,FARAL,2.5121552885,3
3866,FABEC BRASIL,1.9412931506,2
3867,MAUADF,3.0634309105,4
3869,IFES,2.450771417,3
3875,UNIFEG,2.2567922781,3
3876,,2.6060380032,3
3877,FBC,3.153303314,4
3879,UNINASSAU CPV,2.766203538,3
3881,FIS,2.3226274325,3
3921,,3.1311757388,4
3930,IESRSA,2.9509797414,4
3933,FAMESP,2.4547553341,3
3936,,2.3104292281,3
3937,,2.3728242602,3
3939,,1.0965475026,2
3940,FAESB,2.5208532423,3
3946,,2.4132604491,3
3947,SENAC,1.843472696,2
3948,SENAC,2.1203999641,3
3954,FACIJUGO,2.361593724,3
3955,FIC,3.1143068719,4
3962,SENAI CIMATEC,3.3468179775,4
3966,UNEC,2.5866702822,3
3972,CESEP,2.2651078434,3
3974,FESURV,2.4660990033,3
3977,META,3.1615421225,4
3978,FATEP,1.722807511,2
3979,-,2.7487914055,3
3980,,1.3557408425,2
3983,UNIFORMG,2.2961505241,3
3984,UNIVASF,3.3246831379,4
3985,SENACSP,2.7856103228,3
3986,FAINSEP,2.2940633556,3
3987,FUG,2.8956166872,3
3990,,1.241926023,2
3992,-,1.874566785,2
3996,SENACPE,1.9877908759,3
3998,INFNET,2.8529714647,3
4000,FAIP,2.855473398,3
4006,FATEC SENAC PELOTAS,2.9279923394,3
4007,FATECE,2.3827442365,3
4009,FATEC ESTÁC CURITIBA,2.8941856636,3
4010,IPA,2.7548961754,3
4013,,3.0843516901,4
4016,INES,2.711331878,3
4017,UNIANCHIETA,2.4911697077,3
4020,FATEC BT,2.7127563191,3
4021,FATECGA,2.1585474525,3
4022,FATEC/JD,2.604664769,3
4023,FATEC MAUÁ,2.388029027,3
4024,FATEC,2.6426095188,3
4025,FATECRP,2.7165338384,3
4026,FATEC-ZL,2.7458812125,3
4028,FIT,1.9122422334,2
4029,FAP,2.5252275285,3
4030,UNIFLU,1.9517342213,3
4037,,2.5424308157,3
4042,JK BSB RE,1.6213338705,2
4043,FATEC EDUVALE,2.449825872,3
4045,UNISOCIESC,2.9539725832,4
4059,,1.5708538077,2
4064,FAMA,2.2231625979,3
4066,FABERJ,1.951888164,3
4068,ICESP,3.3709413721,4
4077,FAQI,2.3936625318,3
4079,FAT- INAP,0.9775013678,2
4086,FATEJ,2.212142693,3
4090,FARO,1.9807206876,3
4093,FATEC-PR,3.1656221201,4
4094,ESTÁCIO PARAÍBA,2.1968378574,3
4095,FATECDF,,SC
4096,FTEC Porto Alegre,2.1836731176,3
4097,FTEC Bento Gonçalves,2.9483447218,4
4098,IFFarroupilha,3.1326541199,4
4101,FATESG,2.4361470905,3
4104,ESEG,2.9145567869,3
4107,FATEC SENAI,2.4900536288,3
4108,ICESPI,2.7650764539,3
4113,FACER,2.8607500037,3
4118,UNINABUCO PAULISTA,2.5117962609,3
4121,,2.8349385049,3
4123,FAJA,1.612109276,2
4126,FACESA,2.848969916,3
4135,,2.3849733344,3
4138,,2.2145067439,3
4141,,2.6951057401,3
4150,FATEP,2.3387839904,3
4153,UNINABUCO RECIFE,2.7737796178,3
4157,FAMESUL,2.3895483123,3
4162,FacSenacGO,2.2723743759,3
4163,UNIBAVE,2.4242482396,3
4166,CESUBE,2.7237007979,3
4169,ESTÁCIO CARAPICUÍBA,2.118810868,3
4173,FACJK,1.284995128,2
4179,FNB,1.6435553084,2
4185,FPBE,2.3920021195,3
4197,,2.7844234531,3
4198,FAMP,2.4399731838,3
4199,,2.420332319,3
4201,Faculdade Unifuturo,2.041833467,3
4211,ESAMC,1.419786141,2
4218,FPL,2.2872102757,3
4219,ISEFOR,1.7508946884,2
4251,PIT-FATEC,2.4872257408,3
4255,UNESC,2.8480187668,3
4256,,3.1131823954,4
4257,IFITEG,2.5148392084,3
4259,FACMAIS,2.9239831437,3
4261,FATEPA,2.5032138185,3
4277,ESTÁCIO AMAZONAS,2.4879204047,3
4289,FAVED,1.7302900707,2
4293,,1.6562015038,2
4294,,2.681668398,3
4329,FACEM-BH,2.0033131661,3
4330,,2.6217680755,3
4356,FACIP,1.363636925,2
4358,IF SUL DE MINAS,3.2915314944,4
4362,PITÁGORAS-BETIM,2.4835109571,3
4367,FATENE,2.57660353,3
4396,UNIFIMES,2.5058493664,3
4399,UNIBALSAS,4.011955265,5
4411,,2.4680094672,3
4416,,1.6692901073,2
4420,FIBAM,2.6488198629,3
4421,FATEC SENAI BH,1.102825409,2
4428,FEMASS,2.9396456264,3
4429,,3.1809305587,4
4431,FACENE/RN,2.2208946673,3
4435,FASP,1.943665816,2
4450,UNIFAMAZ,3.3394999584,4
4452,,2.4874976143,3
4460,FAB,2.5087412323,3
4492,FPD,2.0137379386,3
4495,,2.3536101889,3
4496,FATEC-IVAI,2.3786756866,3
4502,FIC,2.3868094291,3
4503,UFRB,2.93390235,3
4504,UFGD,3.3777048878,4
4518,FAP,2.249967277,3
4522,UNISALESIANO,3.346757273,4
4530,FITS,2.7719215416,3
4531,FADBA,2.3897731742,3
4532,,2.2770269728,3
4533,FASP,2.1027875715,3
4534,FATEC,2.2685959858,3
4566,ESTÁCIO FATERN,2.4836848231,3
4567,,2.1052642964,3
4584,,2.8201189597,3
4586,FNG,2.8736438068,3
4588,APOGEU,2.2922292702,3
4594,FCR,2.3299009607,3
4596,,2.4508342103,3
4597,,2.1733373673,3
4605,,,SC
4610,,2.6534262332,3
4613,FAEMA,2.5322358372,3
4616,,3.0477294382,4
4631,FAAJP,3.0161712374,4
4632,IDEAU,2.7275757753,3
4633,IDEAU,2.7340571277,3
4652,,2.4168901282,3
4655,FSO,2.2929199643,3
4656,,2.4259790448,3
4661,FAPAN,2.2952196346,3
4669,FACULDADE DELTA,2.7309906578,3
4674,FAPAG,2.1436994846,3
4681,,2.3580399911,3
4699,FAN,3.6456138991,4
4700,FNR,2.1283629973,3
4702,UNIBRA,3.9628328268,5
4714,FERA,1.9229194524,2
4722,FIVJ,2.602990261,3
4724,FACIC,2.6832265468,3
4725,FATEGIDIO,2.1320446946,3
4731,,2.492201367,3
4732,FAC SENAC DF,2.0791724045,3
4739,FAPAG,,SC
4742,,2.7312173327,3
4751,FATECIE,2.7631630724,3
4756,USJ,2.4473499712,3
4765,,3.4003535983,4
4766,FUNAC,3.1404267543,4
4773,IBS,2.0407695855,3
4777,FKBH,3.4092972181,4
4780,FACISA,2.1905563912,3
4784,,2.9798953569,4
4785,IFRO,2.6417629137,3
4786,IFTO,2.5367840392,3
4793,FAFIT-FACIC,1.5603797389,2
4810,AMF,2.9929387419,4
4821,FACIGE,2.126859214,3
4823,FECET,2.4061020069,3
4826,,2.2377144764,3
4836,INEC,1.714373285,2
4846,VÉRTICE,1.8839871359,2
4847,,3.990350845,5
4849,UNITPAC,2.7514023187,3
4858,ESSA,1.7928823181,2
4863,,2.504613915,3
4865,,2.1776957297,3
4867,,2.3304469143,3
4873,ETEP,2.0452299765,3
4878,,2.4218276228,3
4889,,2.1211961782,3
4901,FASIPE,2.5481827027,3
4902,,3.87625717,4
4910,FATRA,1.6915864206,2
4915,ESTÁCIO CASTANHAL,2.5092063188,3
4917,,1.1887745865,2
4922,,3.068484176,4
4925,UFABC,4.0032949497,5
4926,FATECPG,2.3065354792,3
4938,,3.553568037,4
4943,,3.889118065,4
4945,INTA,2.3155992191,3
4950,,1.4586853389,2
4959,,2.2890425566,3
4962,UNIFEMM,2.7856864515,3
4964,UniFacema,2.804281562,3
4969,ITOP,2.5216543892,3
4983,BILAC,1.4204799184,2
4992,FTC SERTÃO CENTRAL,2.7166716606,3
4995,EDUCA+,2.0257309907,3
5013,UEZO,3.1873618964,4
5016,FAETERJ R DE JANEIRO,3.102054726,4
5017,FAETERJ PETRÓPOLIS,2.355923935,3
5018,ISEPAM,2.006753032,3
5020,FAETERJ S ANT. PÁDUA,2.064735324,3
5021,FAETERJ ITAPERUNA,2.540408347,3
5023,FAINTER,2.629570194,3
5036,IF Catarinense,3.1265508935,4
5038,FACIMAB,1.4308073859,2
5044,FDG,2.12572213,3
5045,,1.8607030526,2
5046,,1.345128586,2
5048,,4.145811552,5
5051,FAETERJ BJ ITABAPOAN,2.220035104,3
5052,FAETERJ TRÊS RIOS,2.705911366,3
5053,FAETERJ PARACAMBI,2.5834537641,3
5066,,2.513561839,3
5077,UERR,2.6035160423,3
5105,,2.3569810068,3
5107,,2.7843575061,3
5124,,2.700405056,3
5131,SENAC,1.9102752329,2
5133,,1.6426156501,2
5186,,3.0594996422,4
5215,,3.4135330569,4
5216,,2.1730580727,3
5217,FIP,2.495307838,3
5228,FRM,1.6755093529,2
5242,UNEAL,2.244959934,3
5276,DOCTUM,2.973195805,4
5277,,2.6433511449,3
5285,FACCAT,3.0989325401,4
5288,,2.5774916864,3
5290,,2.0943287427,3
5303,,1.9252433143,2
5312,UNIFAAT,2.9507370212,4
5313,FUC,3.177228006,4
5314,DOCTUM,3.1045613396,4
5315,FUI,2.8075290713,3
5316,FUL,3.3003482915,4
5317,FAPA,2.6734712307,3
5318,FGG,1.551847919,2
5322,UNIPAMPA,3.2228942409,4
5362,,2.4229288443,3
5369,ASMEC,2.5165944932,3
5370,UNIDOCTUM,2.8999330882,3
5387,FIT,2.594065901,3
5394,FENORD,3.040368449,4
5403,Uniopet,2.6305851931,3
5439,UNICEPLAC,2.5286608069,3
5451,,2.4072208375,3
5473,FACITE,1.9454197043,3
5511,,3.0368607218,4
5518,FG,2.2955847156,3
5520,FACES,2.8001638542,3
5544,FAPAC,2.2576202646,3
5550,,2.036447862,3
5555,,2.2312546004,3
5591,FICA,1.4194772868,2
5592,FUNORTE,2.9878491133,4
5593,FAH/UNASP-HT,2.90727171,3
5599,LIBERTAS,2.7612453352,3
5600,SJT,2.6140475283,3
5627,FATEC,2.4654910785,3
5633,,2.4903372724,3
5663,,1.6804731553,2
5664,FACISA,2.4633717122,3
5668,,2.3824694292,3
5669,,1.9203775046,2
5670,UNIVAR,2.7655269072,3
5671,,2.0471071421,3
5701,UEAP,1.9542394395,3
5706,FMP,2.8983563049,3
10058,,2.0212181503,3
10071,ITEPAFACULDADES,2.806733523,3
10116,FATEC SENAI MT,2.4210619201,3
10323,BANDTEC,2.4646924923,3
10349,IPPEO,1.2596492032,2
10385,ITESP,3.508096497,4
10588,,2.648904944,3
10685,MULTIVIX SÃO MATEUS,4.1603232384,5
10836,FAC-UNILAGOS,3.4974177789,4
11007,FACEOPAR,,SC
11289,ESNS-SP,3.592195933,4
11308,FACSUMARÉ,1.9977379135,3
11428,FAC FUNAM,2.7623563666,3
11429,FASURGS,2.7776639905,3
11544,FAMA,2.3804643541,3
11563,,3.2592636352,4
11586,,2.1018537796,3
11593,,2.0101947904,3
11604,,2.7902548542,3
11645,FAEV,2.8634559161,3
11750,-,2.1297242789,3
11807,IED SP,2.4995452469,3
11818,Inspirar,2.8089427548,3
11841,FACEP,1.8562623364,2
11860,INAPÓS,4.2807098628,5
11895,,2.0630234156,3
11951,FASBE,1.8112254423,2
12189,FAP,2.399919532,3
12247,EDAP,3.2627212198,4
12268,FACO,0.749787368,1
12338,FACSALLE,2.558068979,3
12430,FAMESC-BJI,2.2490422156,3
12522,FAMOESP,2.6338033481,3
12523,,2.1130510861,3
12547,FACITEN,1.2101418638,2
12620,FACSETE,3.7503440512,4
12661,,3.950016185,5
12723,FINACI,2.9611386567,4
12735,FACX,1.7592663893,2
12748,FETAC,1.5184757259,2
12749,FAPEC,2.5497274876,3
12754,FCC,3.977817418,5
12758,FAEC-PVH,2.038821788,3
12766,,2.3216246263,3
12772,FTS,2.554910616,3
12784,FTEC Novo Hamburgo,3.1254044926,4
12791,,2.2229373041,3
12847,FEFB,2.1698628742,3
12869,FJP,1.0567221861,2
12916,IPOG,3.0712826637,4
12922,FATEC/BA,2.013309616,3
12923,,2.2151540716,3
12928,,2.338153669,3
12946,FAMAT,3.2387004795,4
13014,FATEO,2.881950434,3
13034,FASES,1.7860215561,2
13106,FATEC FLF,2.0741658687,3
13133,,1.8859830444,2
13238,IBEC,1.444136265,2
13300,ADJETIVO-CETEP,1.7633198416,2
13359,IDEAU,2.8121381345,3
13417,FPO,2.4527346409,3
13476,FASBAM,2.311459006,3
13481,FRB-GV,2.9473569771,4
13484,FAEV,2.7697214156,3
13486,Factum,2.497822405,3
13488,,1.6323288905,2
13527,FCN,2.3379275515,3
13538,,1.850509352,2
13620,,2.7810066067,3
13625,FATENP,2.4457524257,3
13631,CENSUPEG,1.5110828026,2
13643,FEICS,2.2352403645,3
13648,FACSM,2.440981193,3
13657,,2.9176309133,3
13663,FISBE,2.135672016,3
13666,FDCON,1.772285831,2
13684,PIT Contagem,2.2420663407,3
13695,EMAp-FGV,4.1609578389,5
13716,GAP,2.8748135895,3
13717,FVA,1.5155823898,2
13728,,2.2881232782,3
13743,PIT GV,1.821736936,2
13749,Facear,2.9794790438,4
13775,FAITEC,2.365737639,3
13782,FSC,1.595583052,2
13783,ESTÁCIO FEIRA DE SAN,2.2493954939,3
13784,FAPLAC,1.917820999,2
13792,FANORTE CACOAL,1.8364351845,2
13796,,2.1670375125,3
13809,FASASETE,2.3877583649,3
13811,,2.349473067,3
13812,ESAB,2.6914144064,3
13828,FIBH,2.3973932283,3
13832,FASF,2.4462022808,3
13865,FASEG,,SC
13873,FINOM,2.1041439298,3
13883,FAMUR,3.0919415123,4
13889,,2.009861187,3
13897,Laboro,2.2399855989,3
13938,FAMAR,2.006369542,3
13944,FAN,1.91210007,2
13982,,2.650245737,3
14002,FG,2.6783833533,3
14028,UNA,3.4108890879,4
14029,,1.8633647453,2
14069,FAPS,2.6807224095,3
14097,Refidim,2.594546356,3
14115,,3.0773019268,4
14132,FAPACI,1.263090323,2
14133,FAPAC LAMBARI,1.9273713877,2
14147,,2.5304881553,3
14148,FAPAM,2.826874098,3
14151,,2.206627899,3
14156,,2.468372876,3
14157,FEESU,2.055694844,3
14158,,2.661400471,3
14161,FUNIC,1.8838847999,2
14162,FAPAC - GV,2.4801684021,3
14165,FATEP,3.2431788936,4
14204,FUNEES Arcos,1.654170281,2
14242,FUNIT,2.7686935015,3
14243,,2.538680887,3
14246,,2.6249037242,3
14248,,1.847172444,2
14288,FACASC,2.970993023,4
14297,,2.2608674558,3
14313,NF,1.896531336,2
14321,,2.6938776536,3
14342,FACREDENTOR,3.1411561944,4
14367,FACULDADE EFICAZ,2.493069398,3
14401,FAMO,1.9003910961,2
14403,CESUMAR,3.1988366584,4
14408,IFB,2.8872191773,3
14429,,2.3218689153,3
14509,IFBAIANO,2.8255840967,3
14622,FISE,2.8155226975,3
14715,FACPIAGET,2.7804866483,3
14717,,2.6433340846,3
14724,IFPR,2.9277760532,3
14727,FAP,1.6597768188,2
14784,,2.382012332,3
14858,FFRAMO,2.307757612,3
14869,,2.5995038488,3
14882,FACHORIZONTE,2.1738272709,3
14890,FPG,2.5066592367,3
14892,FCSB,3.3931529275,4
14901,FIC,1.7923792481,2
14927,FASG,2.1910757844,3
14947,FACIT,1.9548420436,3
14951,FEITEP,3.5639486628,4
14961,FATESA,2.1934138039,3
14969,FATESA,2.8677066563,3
14975,FANEB,2.7925193157,3
14996,FGN,3.3995941767,4
15001,UNILA,3.5698627496,4
15015,UENP,2.9790086387,4
15032,UNIARP,3.0220463777,4
15059,UFOPA,2.965590173,4
15121,UFFS,3.3524982101,4
15133,FAJAR,2.939234992,3
15135,,2.346843128,3
15173,FEJA,2.9745284542,4
15236,AMTEC,2.080810059,3
15272,FATESP,2.299533359,3
15280,FABEX,2.101852645,3
15351,,1.643992788,2
15357,,2.4438190753,3
15382,AJES,2.18288895,3
15401,FIPECAFI,4.025509133,5
15410,FACHUSST,2.945521661,4
15433,FACC-MT,2.7695906441,3
15450,FUNIP,1.984701866,3
15451,FADIPA,2.802190684,3
15452,UNA,3.208215458,4
15453,,1.9959759446,3
15467,,2.8687316721,3
15468,,2.2849966291,3
15497,UNILAB,3.3243486267,4
15504,FAI,2.2442725924,3
15507,IFAC,2.2108272184,3
15508,CEUPI,2.5309695661,3
15520,IFMS,2.6883844934,3
15521,CATÓLICA-SJC,2.666396538,3
15522,IFAP,2.328300919,3
15562,FBC,2.496297335,3
15576,FATEC-MC,2.7956923861,3
15581,FATECSJCAMPOS,2.7509399144,3
15639,Fatec Itaqua,2.7975176903,3
15669,FACEG,2.5990918824,3
15680,,2.8933579736,3
15682,Fatec Piracicaba,3.08562671,4
15688,FATEC ZONASUL,2.7643993601,3
15689,FATEC,2.929062095,3
15693,Fatec - Itapetininga,2.5323004301,3
15695,Fatec Itu,2.4986020962,3
15696,FATEC SERTÃOZINHO,2.877767511,3
15697,FATEC Araçatuba,2.398551378,3
15708,FATEC Franca,2.9691110166,4
15709,Fatec Osasco,2.3333462301,3
15714,FATECMM,2.898277109,3
15715,FATEC LINS,2.930136068,3
15745,FATEC SCS,2.538113295,3
15746,FATECIPI,2.5687319948,3
15752,FATEC GR,3.185359981,4
15757,Fatec Barueri,2.8381298336,3
15769,Fatec Jales,3.2568358922,4
15777,FSP,3.0454564068,4
15793,Fatec SS,2.690936061,3
15803,FATEC TATUÍ,2.9030783188,3
15839,,2.2749133875,3
15859,FACAP,2.3111350201,3
15873,UNEITAQUÁ,2.2878153582,3
15894,SOBRESP,2.929750813,3
15922,,2.4196740446,3
15980,FG,,SC
16194,FGT,2.864766521,3
16245,FAENE,,SC
16395,FATEC,2.2470805107,3
16410,FATEC Catanduva,3.2749964029,4
16525,FDC,2.821664288,3
16628,FANASPS,2.488693087,3
16759,FABIC,2.0090492729,3
16782,FAMAQUI,2.2545644329,3
16864,FCI,3.442136964,4
16894,ISL,3.202558564,4
16898,FAM,2.148923952,3
16914,,2.7473462187,3
16934,Melies,3.199958148,4
16943,,2.251504834,3
17014,CSEJCDA,1.866131376,2
17115,FTM,2.6584946101,3
17116,FCG,2.30454478,3
17118,AJES,2.2770280455,3
17138,Católica em Joinvile,3.1170545079,4
17200,FBT,3.608169894,4
17224,CESMAC Sertão,2.1191403742,3
17226,CESMAC Agreste,2.313247541,3
17277,Senac Criciúma,1.580066224,2
17284,,2.4926324747,3
17288,FATEBE,3.46725298,4
17322,FAIARA,1.687678812,2
17326,,2.2006210008,3
17355,FECS,3.5062257675,4
17400,FAMED,1.0634906415,2
17403,FAS,3.9858017319,5
17420,FAC-CESUMAR,3.236602344,4
17433,FASAVIC,2.1876676129,3
17563,FCOESP,2.951219662,4
17587,FH,2.601795204,3
17590,ISAE,2.243835276,3
17593,FDB,2.600146406,3
17628,FMB,2.643477379,3
17632,FAC-CESUMAR,3.1061607477,4
17662,FG,3.5028588053,4
17738,FACESGRANRIO,3.6943616421,4
17775,FACISST,1.60403361,2
17777,,1.879746276,2
17816,,2.599047202,3
17854,FECAF,2.8610811001,3
17928,,2.7289103371,3
18010,ESTÁCIO CUIABÁ,2.1251494293,3
18023,,3.4162241994,4
18025,FACESC,0.9263111146,1
18036,PASSO 1,1.487581254,2
18049,FATEC TAUBATÉ,1.347796626,2
18051,FACINE,2.649446396,3
18065,CFQ,2.1631074638,3
18067,CFTQ,1.7883005808,2
18077,,2.6442096364,3
18114,FFMT,1.8191621419,2
18147,INTEGRADA,3.56102027,4
18148,FCC,2.2390753904,3
18165,UNIVESP,2.3793845669,3
18201,SENAC Palhoça,2.3201969687,3
18210,,,SC
18253,FAVALE,1.8604695496,2
18288,FLAM,2.535952745,3
18440,UNIFESSPA,2.988914465,4
18454,Unaset,,SC
18492,UNESPAR,2.7484180664,3
18506,UFOB,3.2782401642,4
18623,FESCEMP,2.7689682506,3
18636,FARESI,2.3508024241,3
18637,ImesMercosur,1.659424426,2
18759,UFCA,3.1898439408,4
18812,UFSB,4.1231390237,5
18817,FATEC-SR,2.429408729,3
18874,,1.6350844492,2
19252,FATAC,0.910698626,1
19337,,3.2904839832,4
19500,FATEC São Carlo,2.345522793,3
19501,FATEC SEBRAE,3.334619858,4
19512,IMEPAC,3.3002689296,4
19578,FATEC COTIA,2.536173825,3
19588,FAETERJ CAXIAS,2.474084951,3
19739,FATEC CAMPINAS,3.290880435,4
19861,FASP,1.817743775,2
19862,FATEC Bebedouro,2.83566027,3
19863,FATEC Assis,2.525471349,3
20478,FATEC-SPB,2.512685547,3
22015,FAMA,2.292900064,3
23410,UEMASUL,1.5446138547,2
